_id,_masterCharacterId,_name,_type,_masterSkillCenterId,_masterSkillId,_rarity,_hp,_smile,_cool,_pure,_illustId,_evolveIllustId,_masterCardLevelId,_uniqueBackgroundFileName,_evolveUniqueBackgroundFileName,_getCategory,_masterCardSysVoiceId,_albumUnitMId,_priority,_masterReleaseLabelId
10010001,1001,Originator,1,100001,10010001,1,2,3767,2968,3265,01001_0001_00,01001_0001_01,1,,,1,0,0,1,1
10010002,1001,Full Speed Ahead!,2,200001,10010002,1,2,3102,2899,3999,01001_0002_00,01001_0002_01,1,,,1,0,0,1,1
10010003,1001,Positive,3,300001,10010003,1,2,3235,3774,2991,01001_0003_00,01001_0003_01,1,,,1,0,0,1,1
10010004,1001,Pep is Paramount,2,200001,10010004,1,2,3005,3085,3910,01001_0004_00,01001_0004_01,1,,,1,0,0,1,1
10010005,1001,Prep for Practice!,3,300001,10010005,1,2,3130,3634,3236,01001_0005_00,01001_0005_01,1,,,1,0,0,1,1
10010006,1001,Let's Sing Together,1,100001,10010006,1,2,3600,3113,3287,01001_0006_00,01001_0006_01,1,,,1,0,0,1,1
10010007,1001,Goodnight Smiles,2,200001,10010007,1,2,3224,3035,3741,01001_0007_00,01001_0007_01,1,,,1,0,0,1,1
10010008,1001,Out and About Smiles,1,100001,10010008,1,2,3720,3337,2943,01001_0008_00,01001_0008_01,1,,,1,0,0,1,1
10010009,1001,Prepare to Be Smashed,3,300001,10010009,1,2,2992,4077,2931,01001_0009_00,01001_0009_01,1,,,1,0,0,1,1
10010010,1001,Ear-to-Ear Smiles!,1,100002,10010010,2,3,4599,3417,3484,01001_0010_00,01001_0010_01,2,b_card_0001,b_card_0074,1,0,0,1,1
10010011,1001,Hearts Aflame,2,200002,10010011,2,3,3344,3471,4685,01001_0011_00,01001_0011_01,2,b_adv_0022,b_card_0031,1,0,0,1,1
10010012,1001,I'll Eat You Up!,3,300002,10010012,2,3,3665,4185,3650,01001_0012_00,01001_0012_01,2,b_card_0002,b_card_0039,1,0,0,1,1
10010013,1001,Blossoms in Bloom,1,100005,10010013,3,4,4769,3962,4269,01001_0013_00,01001_0013_01,3,,,1,10010013,0,1,1
10010014,1001,Rice Fruit?!,3,300003,10010014,3,4,4263,4693,4044,01001_0014_00,01001_0014_01,3,,,4,0,2051,1,1
10020001,1002,Quarter,1,100001,10020001,1,2,3867,3108,3025,01002_0001_00,01002_0001_01,1,,,1,0,0,1,1
10020002,1002,Clearheaded,2,200001,10020002,1,2,3196,2943,3861,01002_0002_00,01002_0002_01,1,,,1,0,0,1,1
10020003,1002,Universally Popular,3,300001,10020003,1,2,2962,3805,3233,01002_0003_00,01002_0003_01,1,,,1,0,0,1,1
10020004,1002,Exceptional Athlete,2,200001,10020004,1,2,3166,2807,4027,01002_0004_00,01002_0004_01,1,,,1,0,0,1,1
10020005,1002,Sense of Duty,3,300001,10020005,1,2,3063,3608,3329,01002_0005_00,01002_0005_01,1,,,1,0,0,1,1
10020006,1002,Student Council Prez,1,100001,10020006,1,2,3926,2840,3234,01002_0006_00,01002_0006_01,1,,,1,0,0,1,1
10020007,1002,Before Falling Asleep,2,200001,10020007,1,2,3083,3008,3909,01002_0007_00,01002_0007_01,1,,,1,0,0,1,1
10020008,1002,I'm Going Out!,1,100001,10020008,1,2,4015,2866,3119,01002_0008_00,01002_0008_01,1,,,1,0,0,1,1
10020009,1002,Let's Be Supportive!,3,300001,10020009,1,2,3195,4009,2796,01002_0009_00,01002_0009_01,1,,,1,0,0,1,1
10020010,1002,Harasho!,1,100002,10020010,2,3,4487,3621,3392,01002_0010_00,01002_0010_01,2,b_card_0001,b_card_0074,1,0,0,1,1
10020011,1002,Eli's Confessional,2,200002,10020011,2,3,3783,3385,4332,01002_0011_00,01002_0011_01,2,b_card_0008,b_card_0033,1,0,0,1,1
10020012,1002,Sun Shower,3,300002,10020012,2,3,3656,4281,3563,01002_0012_00,01002_0012_01,2,b_card_0011,b_card_0039,1,0,0,1,1
10020013,1002,Evening Student Council Room,3,300004,10020013,3,4,3954,5270,3776,01002_0013_00,01002_0013_01,3,,,1,10020013,0,1,1
10020014,1002,Arisa's Prank?,2,200003,10020014,3,4,3958,4091,4951,01002_0014_00,01002_0014_01,3,,,4,0,1987,1,1
10030001,1003,Soft and Gentle,1,100001,10030001,1,2,3940,2872,3188,01003_0001_00,01003_0001_01,1,,,1,0,0,1,1
10030002,1003,Actually a Maid,2,200001,10030002,1,2,2938,3073,3989,01003_0002_00,01003_0002_01,1,,,1,0,0,1,1
10030003,1003,Come Play with Kotori!,3,300001,10030003,1,2,3202,3717,3081,01003_0003_00,01003_0003_01,1,,,1,0,0,1,1
10030004,1003,I'm Ready to Roll!,2,200001,10030004,1,2,3200,3042,3758,01003_0004_00,01003_0004_01,1,,,1,0,0,1,1
10030005,1003,Here Goes!,3,300001,10030005,1,2,3209,3635,3156,01003_0005_00,01003_0005_01,1,,,1,0,0,1,1
10030006,1003,Heart Sign,1,100001,10030006,1,2,3764,2937,3299,01003_0006_00,01003_0006_01,1,,,1,0,0,1,1
10030007,1003,Sleepy Time,2,200001,10030007,1,2,2987,2914,4099,01003_0007_00,01003_0007_01,1,,,1,0,0,1,1
10030008,1003,Dressing Up to Go Out,1,100001,10030008,1,2,4028,2893,3079,01003_0008_00,01003_0008_01,1,,,1,0,0,1,1
10030009,1003,Flying Down the Court,3,300001,10030009,1,2,3323,3624,3053,01003_0009_00,01003_0009_01,1,,,1,0,0,1,1
10030010,1003,Goddess of Healing,1,100002,10030010,2,3,4500,3609,3391,01003_0010_00,01003_0010_01,2,b_card_0001,b_card_0075,1,0,0,1,1
10030011,1003,Wonderful Treats,2,200002,10030011,2,3,3668,3662,4170,01003_0011_00,01003_0011_01,2,b_adv_0022,b_card_0018,1,0,0,1,1
10030012,1003,Feeling Like a Sheep,3,300002,10030012,2,3,3667,4383,3450,01003_0012_00,01003_0012_01,2,b_card_0002,b_card_0039,1,0,0,1,1
10030013,1003,Welcome!,2,200004,10030013,3,4,3725,3960,5315,01003_0013_00,01003_0013_01,3,,,1,10030013,0,1,1
10030014,1003,Don't Get It Wrong!,3,300003,10030014,3,4,4030,5285,3685,01003_0014_00,01003_0014_01,3,,,4,0,2052,1,1
10040001,1004,The Ideal Lady,1,100001,10040001,1,2,3815,3193,2992,01004_0001_00,01004_0001_01,1,,,1,0,0,1,1
10040002,1004,Dancing Master,2,200001,10040002,1,2,3061,3124,3815,01004_0002_00,01004_0002_01,1,,,1,0,0,1,1
10040003,1004,Dignified,3,300001,10040003,1,2,3081,3934,2985,01004_0003_00,01004_0003_01,1,,,1,0,0,1,1
10040004,1004,Harsh Practice,2,200001,10040004,1,2,3114,2955,3931,01004_0004_00,01004_0004_01,1,,,1,0,0,1,1
10040005,1004,Loosening Up,3,300001,10040005,1,2,2861,4081,3058,01004_0005_00,01004_0005_01,1,,,1,0,0,1,1
10040006,1004,The Ideal Smile,1,100001,10040006,1,2,3732,3209,3059,01004_0006_00,01004_0006_01,1,,,1,0,0,1,1
10040007,1004,Goodnight Greeting,2,200001,10040007,1,2,3055,3273,3672,01004_0007_00,01004_0007_01,1,,,1,0,0,1,1
10040008,1004,Hiker's Express,1,100001,10040008,1,2,3796,2919,3285,01004_0008_00,01004_0008_01,1,,,1,0,0,1,1
10040009,1004,Crisp in White,3,300001,10040009,1,2,3022,3641,3337,01004_0009_00,01004_0009_01,1,,,1,0,0,1,1
10040010,1004,A Focused Mind,1,100002,10040010,2,3,4452,3673,3375,01004_0010_00,01004_0010_01,2,b_card_0001,b_card_0013,1,0,0,1,1
10040011,1004,Love's Bind,2,200002,10040011,2,3,3471,3618,4411,01004_0011_00,01004_0011_01,2,b_adv_0022,b_card_0028,1,0,0,1,1
10040012,1004,Lucky White Rabbit,3,300002,10040012,2,3,3522,4678,3300,01004_0012_00,01004_0012_01,2,b_card_0004,b_card_0039,1,0,0,1,1
10040013,1004,To Enlightenment,1,100004,10040013,3,4,4773,4158,4069,01004_0013_00,01004_0013_01,3,,,1,10040013,0,1,1
10040014,1004,Unified Feelings,2,200003,10040014,3,4,4251,4013,4736,01004_0014_00,01004_0014_01,3,,,4,0,2053,1,1
10050001,1005,Athletic,1,100001,10050001,1,2,3821,3019,3160,01005_0001_00,01005_0001_01,1,,,1,0,0,1,1
10050002,1005,Always Be Cheerful,2,200001,10050002,1,2,3180,2892,3928,01005_0002_00,01005_0002_01,1,,,1,0,0,1,1
10050003,1005,Joyful Jump!,3,300001,10050003,1,2,3107,4073,2820,01005_0003_00,01005_0003_01,1,,,1,0,0,1,1
10050004,1005,Good to Go,2,200001,10050004,1,2,3352,2952,3696,01005_0004_00,01005_0004_01,1,,,1,0,0,1,1
10050005,1005,Rooftop Practice,3,300001,10050005,1,2,3275,3805,2920,01005_0005_00,01005_0005_01,1,,,1,0,0,1,1
10050006,1005,Counting on Mew!,1,100001,10050006,1,2,3915,3180,2905,01005_0006_00,01005_0006_01,1,,,1,0,0,1,1
10050007,1005,Getting Ready to Rest,2,200001,10050007,1,2,3001,3191,3808,01005_0007_00,01005_0007_01,1,,,1,0,0,1,1
10050008,1005,Let's Go Hiking!,1,100001,10050008,1,2,3751,3113,3136,01005_0008_00,01005_0008_01,1,,,1,0,0,1,1
10050009,1005,Competing in Speed,3,300001,10050009,1,2,3019,3809,3172,01005_0009_00,01005_0009_01,1,,,1,0,0,1,1
10050010,1005,μ's Was Here,1,100002,10050010,2,3,4192,3481,3827,01005_0010_00,01005_0010_01,2,b_card_0001,b_card_0028,1,0,0,1,1
10050011,1005,Check Out Rin!,2,200002,10050011,2,3,3564,3272,4664,01005_0011_00,01005_0011_01,2,b_card_0005,b_card_0034,1,0,0,1,1
10050012,1005,Fickle Kitten,3,300002,10050012,2,3,3508,4533,3459,01005_0012_00,01005_0012_01,2,b_card_0006,b_card_0039,1,0,0,1,1
10050013,1005,Dazzling Rooftop,3,300004,10050013,3,4,4136,4958,3906,01005_0013_00,01005_0013_01,3,,,1,10050013,0,1,1
10050014,1005,My 1st Homemade Chocolate,1,100003,10050014,3,4,5229,3828,3943,01005_0014_00,01005_0014_01,3,,,4,0,2021,1,1
10060001,1006,Hospital Heiress,1,100001,10060001,1,2,3748,3179,3073,01006_0001_00,01006_0001_01,1,,,1,0,0,1,1
10060002,1006,On a High Horse,2,200001,10060002,1,2,3136,3023,3841,01006_0002_00,01006_0002_01,1,,,1,0,0,1,1
10060003,1006,Hold My Head up High,3,300001,10060003,1,2,3216,3632,3152,01006_0003_00,01006_0003_01,1,,,1,0,0,1,1
10060004,1006,Practice Confidently,2,200001,10060004,1,2,3301,2932,3767,01006_0004_00,01006_0004_01,1,,,1,0,0,1,1
10060005,1006,Start with Stretching,3,300001,10060005,1,2,2944,3999,3057,01006_0005_00,01006_0005_01,1,,,1,0,0,1,1
10060006,1006,Strong Opinions,1,100001,10060006,1,2,4025,2960,3015,01006_0006_00,01006_0006_01,1,,,1,0,0,1,1
10060007,1006,Plans for Tomorrow,2,200001,10060007,1,2,2841,3071,4088,01006_0007_00,01006_0007_01,1,,,1,0,0,1,1
10060008,1006,Young Lady’s Jaunt,1,100001,10060008,1,2,3775,2938,3287,01006_0008_00,01006_0008_01,1,,,1,0,0,1,1
10060009,1006,Land the Spiral,3,300001,10060009,1,2,2955,3878,3167,01006_0009_00,01006_0009_01,1,,,1,0,0,1,1
10060010,1006,After-School Diva,1,100002,10060010,2,3,4433,3516,3551,01006_0010_00,01006_0010_01,2,b_card_0001,b_card_0033,1,0,0,1,1
10060011,1006,Secret Exam Room,2,200002,10060011,2,3,3697,3487,4316,01006_0011_00,01006_0011_01,2,b_adv_0022,b_card_0075,1,0,0,1,1
10060012,1006,You're My Next Target,3,300002,10060012,2,3,3563,4649,3288,01006_0012_00,01006_0012_01,2,b_card_0007,b_card_0039,1,0,0,1,1
10060013,1006,Smartphone Shyness,2,200004,10060013,3,4,4107,4070,4823,01006_0013_00,01006_0013_01,3,,,1,10060013,0,1,1
10060014,1006,Fruit Tea,3,300003,10060014,3,4,3984,4866,4150,01006_0014_00,01006_0014_01,3,,,4,0,2022,1,1
10070001,1007,Surprising Strategist,1,100001,10070001,1,2,3880,3020,3100,01007_0001_00,01007_0001_01,1,,,1,0,0,1,1
10070002,1007,I'll Pull You In!,2,200001,10070002,1,2,3075,2825,4100,01007_0002_00,01007_0002_01,1,,,1,0,0,1,1
10070003,1007,Nonchalant,3,300001,10070003,1,2,2862,4066,3072,01007_0003_00,01007_0003_01,1,,,1,0,0,1,1
10070004,1007,Blinding Light,2,200001,10070004,1,2,2920,3043,4037,01007_0004_00,01007_0004_01,1,,,1,0,0,1,1
10070005,1007,Time to Practice!,3,300001,10070005,1,2,2982,4060,2958,01007_0005_00,01007_0005_01,1,,,1,0,0,1,1
10070006,1007,The Power of Fortune-Telling,1,100001,10070006,1,2,3648,3299,3053,01007_0006_00,01007_0006_01,1,,,1,0,0,1,1
10070007,1007,See You Tomorrow,2,200001,10070007,1,2,3141,3209,3650,01007_0007_00,01007_0007_01,1,,,1,0,0,1,1
10070008,1007,A Good Day to Go Out,1,100001,10070008,1,2,3736,2955,3309,01007_0008_00,01007_0008_01,1,,,1,0,0,1,1
10070009,1007,I'm Gonna Attack!,3,300001,10070009,1,2,3273,3854,2873,01007_0009_00,01007_0009_01,1,,,1,0,0,1,1
10070010,1007,Spiritual Power,1,100002,10070010,2,3,4564,3417,3519,01007_0010_00,01007_0010_01,2,b_card_0001,b_card_0074,1,0,0,1,1
10070011,1007,Cards of Destiny,2,200002,10070011,2,3,3440,3781,4279,01007_0011_00,01007_0011_01,2,b_adv_0022,b_card_0033,1,0,0,1,1
10070012,1007,Faking Sleep,3,300002,10070012,2,3,3583,4310,3607,01007_0012_00,01007_0012_01,2,b_card_0009,b_card_0039,1,0,0,1,1
10070013,1007,Rain of Light,1,100004,10070013,3,4,4954,4084,3962,01007_0013_00,01007_0013_01,3,,,1,10070013,0,1,1
10070014,1007,Surprise Wish!,2,200003,10070014,3,4,4202,3816,4982,01007_0014_00,01007_0014_01,3,,,4,0,1988,1,1
10080001,1008,White Rice Fanatic,1,100001,10080001,1,2,3970,3061,2969,01008_0001_00,01008_0001_01,1,,,1,0,0,1,1
10080002,1008,Not So Confident...,2,200001,10080002,1,2,2954,3047,3999,01008_0002_00,01008_0002_01,1,,,1,0,0,1,1
10080003,1008,Admiration of Idols,3,300001,10080003,1,2,3035,3764,3201,01008_0003_00,01008_0003_01,1,,,1,0,0,1,1
10080004,1008,I'll Give It My All!,2,200001,10080004,1,2,2993,3127,3880,01008_0004_00,01008_0004_01,1,,,1,0,0,1,1
10080005,1008,I Want to Improve,3,300001,10080005,1,2,3083,3831,3086,01008_0005_00,01008_0005_01,1,,,1,0,0,1,1
10080006,1008,Shy of Strangers,1,100001,10080006,1,2,4017,3121,2862,01008_0006_00,01008_0006_01,1,,,1,0,0,1,1
10080007,1008,Lonely by Myself,2,200001,10080007,1,2,3076,3143,3781,01008_0007_00,01008_0007_01,1,,,1,0,0,1,1
10080008,1008,Excited to Go Out!,1,100001,10080008,1,2,3843,3219,2938,01008_0008_00,01008_0008_01,1,,,1,0,0,1,1
10080009,1008,Whole Mikan Oranges,3,300001,10080009,1,2,3268,3827,2905,01008_0009_00,01008_0009_01,1,,,1,0,0,1,1
10080010,1008,Freshly Cooked Rice!,1,100002,10080010,2,3,4460,3632,3408,01008_0010_00,01008_0010_01,2,b_card_0001,b_card_0028,1,0,0,1,1
10080011,1008,Your Order is Ready!,2,200002,10080011,2,3,3594,3202,4704,01008_0011_00,01008_0011_01,2,b_card_0003,b_card_0023,1,0,0,1,1
10080012,1008,Strange Sympathy,3,300002,10080012,2,3,3322,4681,3497,01008_0012_00,01008_0012_01,2,b_card_0012,b_card_0043,1,0,0,1,1
10080013,1008,Feelings for µ's,3,300004,10080013,3,4,4123,4952,3925,01008_0013_00,01008_0013_01,3,,,1,10080013,0,1,1
10080014,1008,Glittering Lips,1,100003,10080014,3,4,4678,4265,4057,01008_0014_00,01008_0014_01,3,,,4,0,2023,1,1
10090001,1009,Idol Otaku,1,100001,10090001,1,2,3706,2950,3344,01009_0001_00,01009_0001_01,1,,,1,0,0,1,1
10090002,1009,Working Hard 24/7,2,200001,10090002,1,2,2902,3257,3841,01009_0002_00,01009_0002_01,1,,,1,0,0,1,1
10090003,1009,Cute Movement,3,300001,10090003,1,2,3094,3922,2984,01009_0003_00,01009_0003_01,1,,,1,0,0,1,1
10090004,1009,Nico Will Do Her Best!,2,200001,10090004,1,2,2856,3135,4009,01009_0004_00,01009_0004_01,1,,,1,0,0,1,1
10090005,1009,No One Works Harder,3,300001,10090005,1,2,2854,4045,3101,01009_0005_00,01009_0005_01,1,,,1,0,0,1,1
10090006,1009,Nico-Ni for All!,1,100001,10090006,1,2,3839,3104,3057,01009_0006_00,01009_0006_01,1,,,1,0,0,1,1
10090007,1009,Hold Me Tight,2,200001,10090007,1,2,3049,3349,3602,01009_0007_00,01009_0007_01,1,,,1,0,0,1,1
10090008,1009,The Wait's Over!,1,100001,10090008,1,2,3859,2883,3258,01009_0008_00,01009_0008_01,1,,,1,0,0,1,1
10090009,1009,Training Both Mind & Body,3,300001,10090009,1,2,2851,3935,3214,01009_0009_00,01009_0009_01,1,,,1,0,0,1,1
10090010,1009,Nico-Nico-Ni!,1,100002,10090010,2,3,4310,3609,3581,01009_0010_00,01009_0010_01,2,b_card_0001,b_card_0028,1,0,0,1,1
10090011,1009,Let Me Teach You!,2,200002,10090011,2,3,3499,3564,4437,01009_0011_00,01009_0011_01,2,b_card_0008,b_card_0028,1,0,0,1,1
10090012,1009,Nico's the Most Popular,3,300002,10090012,2,3,3744,4346,3410,01009_0012_00,01009_0012_01,2,b_card_0002,b_card_0039,1,0,0,1,1
10090013,1009,A Welcome Lecture,2,200004,10090013,3,4,3754,4011,5235,01009_0013_00,01009_0013_01,3,,,1,10090013,0,1,1
10090014,1009,Watermelon Cake?,3,300003,10090014,3,4,3839,5164,3997,01009_0014_00,01009_0014_01,3,,,4,0,1989,1,1
20010001,2001,Beloved School Idols,2,200001,20010001,1,2,3256,2951,3793,02001_0001_00,02001_0001_01,1,,,1,0,0,1,1
20010002,2001,Dreams Come True!,1,100001,20010002,1,2,3982,3042,2976,02001_0002_00,02001_0002_01,1,,,1,0,0,1,1
20010003,2001,Gotta Give It a Try,3,300001,20010003,1,2,3124,3873,3003,02001_0003_00,02001_0003_01,1,,,1,0,0,1,1
20010004,2001,Sore Loser,2,200001,20010004,1,2,3307,3049,3644,02001_0004_00,02001_0004_01,1,,,1,0,0,1,1
20010005,2001,Packing for a Trip,1,100001,20010005,1,2,3779,2929,3292,02001_0005_00,02001_0005_01,1,,,1,0,0,1,1
20010006,2001,Sending Out My Feelings,3,300001,20010006,1,2,3036,4080,2884,02001_0006_00,02001_0006_01,1,,,1,0,0,1,1
20010007,2001,Swimming Weather!,2,200001,20010007,1,2,3289,3088,3623,02001_0007_00,02001_0007_01,1,,,1,0,0,1,1
20010008,2001,Mikan Orange Power!,1,100002,20010008,2,3,4224,3467,3809,02001_0008_00,02001_0008_01,2,b_card_0045,b_adv_0019,1,0,0,1,1
20010009,2001,Time to Brush!,2,200002,20010009,2,3,3483,3608,4409,02001_0009_00,02001_0009_01,2,b_card_0085,b_st_0004,1,0,0,1,1
20010010,2001,Koala Nap,3,300002,20010010,2,3,3513,4440,3547,02001_0010_00,02001_0010_01,2,b_card_0041,b_card_0078,1,0,0,1,1
20010011,2001,Post-Practice Walk & Talk,1,100006,20010011,3,4,5181,3778,4041,02001_0011_00,02001_0011_01,3,,,1,20010011,0,1,1
20010012,2001,Orange Mermaid,2,200003,20010012,3,4,4022,3870,5108,02001_0012_00,02001_0012_01,3,,,4,0,2034,1,1
20020001,2002,Here to Aid Everyone,2,200001,20020001,1,2,2980,3063,3957,02002_0001_00,02002_0001_01,1,,,1,0,0,1,1
20020002,2002,Transfer Student from the City,1,100001,20020002,1,2,3834,3255,2911,02002_0002_00,02002_0002_01,1,,,1,0,0,1,1
20020003,2002,Let's Have Some Fun!,3,300001,20020003,1,2,3170,3677,3153,02002_0003_00,02002_0003_01,1,,,1,0,0,1,1
20020004,2002,Worked up a Sweat,2,200001,20020004,1,2,3065,2971,3964,02002_0004_00,02002_0004_01,1,,,1,0,0,1,1
20020005,2002,Going All Over,1,100001,20020005,1,2,4009,2816,3175,02002_0005_00,02002_0005_01,1,,,1,0,0,1,1
20020006,2002,Let's Have Tons of Fun,3,300001,20020006,1,2,2946,3747,3307,02002_0006_00,02002_0006_01,1,,,1,0,0,1,1
20020007,2002,Uchiura's Appeal,3,300001,20020007,1,2,3146,4089,2765,02002_0007_00,02002_0007_01,1,,,1,0,0,1,1
20020008,2002,Toward a New Me,1,100002,20020008,2,3,4430,3717,3353,02002_0008_00,02002_0008_01,2,b_card_0046,b_adv_0019,1,0,0,1,1
20020009,2002,Time for Your Shot,2,200002,20020009,2,3,3474,3604,4422,02002_0009_00,02002_0009_01,2,b_card_0061,b_st_0004,1,0,0,1,1
20020010,2002,Performance Partner,3,300002,20020010,2,3,3427,4602,3471,02002_0010_00,02002_0010_01,2,b_card_0041,b_card_0078,1,0,0,1,1
20020011,2002,Trio's Melody,3,300004,20020011,3,4,4060,5028,3912,02002_0011_00,02002_0011_01,3,,,1,20020011,0,1,1
20020012,2002,Apple's Temptation,1,100003,20020012,3,4,4930,4155,3915,02002_0012_00,02002_0012_01,3,,,4,0,2035,1,1
20030001,2003,Grownup Personality,2,200001,20030001,1,2,3108,3202,3690,02003_0001_00,02003_0001_01,1,,,1,0,0,1,1
20030002,2003,Shopping Support,1,100001,20030002,1,2,3996,2901,3103,02003_0002_00,02003_0002_01,1,,,1,0,0,1,1
20030003,2003,Wanna Go Out?,3,300001,20030003,1,2,2827,3954,3219,02003_0003_00,02003_0003_01,1,,,1,0,0,1,1
20030004,2003,Tie Back Your Hair,2,200001,20030004,1,2,3090,3040,3870,02003_0004_00,02003_0004_01,1,,,1,0,0,1,1
20030005,2003,"Far, Far Away",1,100001,20030005,1,2,3642,3137,3221,02003_0005_00,02003_0005_01,1,,,1,0,0,1,1
20030006,2003,All Systems Go,3,300001,20030006,1,2,3124,3856,3020,02003_0006_00,02003_0006_01,1,,,1,0,0,1,1
20030007,2003,Surfing's My Forte,1,100001,20030007,1,2,3624,3057,3319,02003_0007_00,02003_0007_01,1,,,1,0,0,1,1
20030008,2003,Costume Fitting,1,100002,20030008,2,3,4646,3317,3537,02003_0008_00,02003_0008_01,2,b_adv_0018,b_adv_0019,1,0,0,1,1
20030009,2003,"Try, Try Again!",2,200002,20030009,2,3,3333,3679,4488,02003_0009_00,02003_0009_01,2,b_card_0056,b_adv_0019,1,0,0,1,1
20030010,2003,Entranced by Nature,3,300002,20030010,2,3,3750,4318,3432,02003_0010_00,02003_0010_01,2,b_card_0055,b_card_0078,1,0,0,1,1
20030011,2003,Sea Breeze's Kiss,2,200004,20030011,3,4,4081,3838,5081,02003_0011_00,02003_0011_01,3,,,1,20030011,0,1,1
20030012,2003,Ring Finger,3,300003,20030012,3,4,4229,4809,3962,02003_0012_00,02003_0012_01,3,,,4,0,2005,1,1
20040001,2004,Famous Daughter,2,200001,20040001,1,2,3230,3139,3631,02004_0001_00,02004_0001_01,1,,,1,0,0,1,1
20040002,2004,Perfectionist,1,100001,20040002,1,2,3775,3236,2989,02004_0002_00,02004_0002_01,1,,,1,0,0,1,1
20040003,2004,Zero Defects Allowed,3,300001,20040003,1,2,3212,3931,2857,02004_0003_00,02004_0003_01,1,,,1,0,0,1,1
20040004,2004,Aim for the Top,2,200001,20040004,1,2,3070,3207,3723,02004_0004_00,02004_0004_01,1,,,1,0,0,1,1
20040005,2004,How Far Can We Go?,1,100001,20040005,1,2,4089,2919,2992,02004_0005_00,02004_0005_01,1,,,1,0,0,1,1
20040006,2004,Meetup at the Sluice Gate,3,300001,20040006,1,2,3177,3994,2829,02004_0006_00,02004_0006_01,1,,,1,0,0,1,1
20040007,2004,Lighting Up Uchiura,1,100001,20040007,1,2,3708,3316,2976,02004_0007_00,02004_0007_01,1,,,1,0,0,1,1
20040008,2004,The Limit Is 2 cm!,1,100002,20040008,2,3,4692,3555,3253,02004_0008_00,02004_0008_01,2,b_card_0047,b_adv_0019,1,0,0,1,1
20040009,2004,We Are Aqours!,2,200002,20040009,2,3,3476,3754,4270,02004_0009_00,02004_0009_01,2,b_card_0056,b_adv_0019,1,0,0,1,1
20040010,2004,Twist of History,3,300002,20040010,2,3,3758,4281,3461,02004_0010_00,02004_0010_01,2,b_card_0055,b_card_0078,1,0,0,1,1
20040011,2004,Sister's Routine,1,100004,20040011,3,4,5180,4072,3748,02004_0011_00,02004_0011_01,3,,,1,20040011,0,1,1
20040012,2004,Beware of Wolf,2,200003,20040012,3,4,3749,3943,5308,02004_0012_00,02004_0012_01,3,,,4,0,2006,1,1
20050001,2005,Aye Aye!,2,200001,20050001,1,2,3201,2911,3888,02005_0001_00,02005_0001_01,1,,,1,0,0,1,1
20050002,2005,Aspiring Captain,1,100001,20050002,1,2,4099,3086,2815,02005_0002_00,02005_0002_01,1,,,1,0,0,1,1
20050003,2005,Chika's Mikan Oranges,3,300001,20050003,1,2,3076,3659,3265,02005_0003_00,02005_0003_01,1,,,1,0,0,1,1
20050004,2005,Time to Set Sail,2,200001,20050004,1,2,2948,3101,3951,02005_0004_00,02005_0004_01,1,,,1,0,0,1,1
20050005,2005,All Aboard!,1,100001,20050005,1,2,4095,2776,3129,02005_0005_00,02005_0005_01,1,,,1,0,0,1,1
20050006,2005,Excuse Me!,3,300001,20050006,1,2,2952,3700,3348,02005_0006_00,02005_0006_01,1,,,1,0,0,1,1
20050007,2005,Seaside Swimming Spot,2,200001,20050007,1,2,3147,3027,3826,02005_0007_00,02005_0007_01,1,,,1,0,0,1,1
20050008,2005,Costume-Making,1,100002,20050008,2,3,4166,3829,3505,02005_0008_00,02005_0008_01,2,b_card_0048,b_adv_0019,1,0,0,1,1
20050009,2005,Come a Little Closer,2,200002,20050009,2,3,3723,3484,4293,02005_0009_00,02005_0009_01,2,b_card_0056,b_adv_0019,1,0,0,1,1
20050010,2005,The Culprit...Is You!,3,300002,20050010,2,3,3522,4718,3260,02005_0010_00,02005_0010_01,2,b_card_0060,b_st_0004,1,0,0,1,1
20050011,2005,Sparkling Water,3,300004,20050011,3,4,3886,4888,4226,02005_0011_00,02005_0011_01,3,,,1,20050011,0,1,1
20050012,2005,Bridal Countdown,1,100003,20050012,3,4,4705,3974,4321,02005_0012_00,02005_0012_01,3,,,4,0,2036,1,1
20060001,2006,Meeting Yohane!,2,200001,20060001,1,2,3166,3207,3627,02006_0001_00,02006_0001_01,1,,,1,0,0,1,1
20060002,2006,Fallen Angel Yohane,1,100001,20060002,1,2,3704,3297,2999,02006_0002_00,02006_0002_01,1,,,1,0,0,1,1
20060003,2006,A Sinful Devil,3,300001,20060003,1,2,2875,4079,3046,02006_0003_00,02006_0003_01,1,,,1,0,0,1,1
20060004,2006,Fall from Grace,2,200001,20060004,1,2,3174,3187,3639,02006_0004_00,02006_0004_01,1,,,1,0,0,1,1
20060005,2006,This Is Temporary!,1,100001,20060005,1,2,3959,3059,2982,02006_0005_00,02006_0005_01,1,,,1,0,0,1,1
20060006,2006,Descend with Me,3,300001,20060006,1,2,3192,3712,3096,02006_0006_00,02006_0006_01,1,,,1,0,0,1,1
20060007,2006,Seaside Fallen Angel,3,300001,20060007,1,2,3257,3670,3073,02006_0007_00,02006_0007_01,1,,,1,0,0,1,1
20060008,2006,Sinfully Dark Dress,1,100002,20060008,2,3,4421,3573,3506,02006_0008_00,02006_0008_01,2,b_card_0049,b_adv_0019,1,0,0,1,1
20060009,2006,Ultimate Fallen Angel Cheer,2,200002,20060009,2,3,3502,3626,4372,02006_0009_00,02006_0009_01,2,b_card_0056,b_adv_0019,1,0,0,1,1
20060010,2006,Black Magic Woman,3,300002,20060010,2,3,3478,4639,3383,02006_0010_00,02006_0010_01,2,b_card_0033,b_st_0004,1,0,0,1,1
20060011,2006,Fallen Angel R-P-S,2,200004,20060011,3,4,4071,3931,4998,02006_0011_00,02006_0011_01,3,,,1,20060011,0,1,1
20060012,2006,Descent into Hellfire,3,300003,20060012,3,4,3994,5223,3783,02006_0012_00,02006_0012_01,3,,,4,0,1951,1,1
20070001,2007,Temple's Daughter,2,200001,20070001,1,2,3141,3189,3670,02007_0001_00,02007_0001_01,1,,,1,0,0,1,1
20070002,2007,Lover of Literature,1,100001,20070002,1,2,3836,3051,3113,02007_0002_00,02007_0002_01,1,,,1,0,0,1,1
20070003,2007,Chilling at the Library,3,300001,20070003,1,2,3147,3842,3011,02007_0003_00,02007_0003_01,1,,,1,0,0,1,1
20070004,2007,I'll Do My Best,2,200001,20070004,1,2,2863,3100,4037,02007_0004_00,02007_0004_01,1,,,1,0,0,1,1
20070005,2007,Bookworm's Day Out,1,100001,20070005,1,2,3896,3078,3026,02007_0005_00,02007_0005_01,1,,,1,0,0,1,1
20070006,2007,After Choir Practice,3,300001,20070006,1,2,2949,3925,3126,02007_0006_00,02007_0006_01,1,,,1,0,0,1,1
20070007,2007,At the Uchiura Shore,1,100001,20070007,1,2,3850,2990,3160,02007_0007_00,02007_0007_01,1,,,1,0,0,1,1
20070008,2007,My Books Are My Fortune,1,100002,20070008,2,3,4206,3734,3560,02007_0008_00,02007_0008_01,2,b_card_0050,b_adv_0019,1,0,0,1,1
20070009,2007,Every Day's an Adventure,2,200002,20070009,2,3,3598,3749,4153,02007_0009_00,02007_0009_01,2,b_card_0055,b_card_0078,1,0,0,1,1
20070010,2007,Cubify the Ball,3,300002,20070010,2,3,3725,4218,3557,02007_0010_00,02007_0010_01,2,b_card_0063,b_st_0004,1,0,0,1,1
20070011,2007,After Lunch,1,100004,20070011,3,4,4877,4127,3996,02007_0011_00,02007_0011_01,3,,,1,20070011,0,1,1
20070012,2007,Unfading Beauty,2,200003,20070012,3,4,4009,4181,4810,02007_0012_00,02007_0012_01,3,,,4,0,1952,1,1
20080001,2008,Ciao♪,2,200001,20080001,1,2,2891,3097,4012,02008_0001_00,02008_0001_01,1,,,1,0,0,1,1
20080002,2008,Chairwoman,1,100001,20080002,1,2,3665,3137,3198,02008_0002_00,02008_0002_01,1,,,1,0,0,1,1
20080003,2008,Shiny☆,3,300001,20080003,1,2,3092,3715,3193,02008_0003_00,02008_0003_01,1,,,1,0,0,1,1
20080004,2008,Fearless Challenger,2,200001,20080004,1,2,3346,2976,3678,02008_0004_00,02008_0004_01,1,,,1,0,0,1,1
20080005,2008,Equestrian Lessons,1,100001,20080005,1,2,3859,3020,3121,02008_0005_00,02008_0005_01,1,,,1,0,0,1,1
20080006,2008,Out and About with Mari,3,300001,20080006,1,2,3159,4078,2763,02008_0006_00,02008_0006_01,1,,,1,0,0,1,1
20080007,2008,Uchiura is the Best!,3,300001,20080007,1,2,3151,3807,3042,02008_0007_00,02008_0007_01,1,,,1,0,0,1,1
20080008,2008,Resort Outfit,1,100002,20080008,2,3,4547,3338,3615,02008_0008_00,02008_0008_01,2,b_card_0051,b_adv_0019,1,0,0,1,1
20080009,2008,Love Potion,2,200002,20080009,2,3,3244,3643,4613,02008_0009_00,02008_0009_01,2,b_card_0061,b_st_0004,1,0,0,1,1
20080010,2008,Flaming Passion,3,300002,20080010,2,3,3362,4594,3544,02008_0010_00,02008_0010_01,2,b_card_0041,b_card_0078,1,0,0,1,1
20080011,2008,So Picturesque,3,300004,20080011,3,4,4086,4760,4154,02008_0011_00,02008_0011_01,3,,,1,20080011,0,1,1
20080012,2008,Fruit Carnival!,1,100003,20080012,3,4,4797,3980,4223,02008_0012_00,02008_0012_01,3,,,4,0,2007,1,1
20090001,2009,Crybaby,2,200001,20090001,1,2,3103,2805,4092,02009_0001_00,02009_0001_01,1,,,1,0,0,1,1
20090002,2009,Easily Frightened,1,100001,20090002,1,2,3660,3059,3281,02009_0002_00,02009_0002_01,1,,,1,0,0,1,1
20090003,2009,Sewing Specialist,3,300001,20090003,1,2,3108,3951,2941,02009_0003_00,02009_0003_01,1,,,1,0,0,1,1
20090004,2009,Aim to Be an Idol,2,200001,20090004,1,2,3156,2832,4012,02009_0004_00,02009_0004_01,1,,,1,0,0,1,1
20090005,2009,Let's Travel Far Away,1,100001,20090005,1,2,3719,3228,3053,02009_0005_00,02009_0005_01,1,,,1,0,0,1,1
20090006,2009,Waiting On My Sister,3,300001,20090006,1,2,2860,3892,3248,02009_0006_00,02009_0006_01,1,,,1,0,0,1,1
20090007,2009,Warm Sandy Beach,2,200001,20090007,1,2,2884,3263,3853,02009_0007_00,02009_0007_01,1,,,1,0,0,1,1
20090008,2009,I Can Do It!,1,100002,20090008,2,3,4516,3604,3380,02009_0008_00,02009_0008_01,2,b_card_0052,b_adv_0019,1,0,0,1,1
20090009,2009,Cheerleader Tryout,2,200002,20090009,2,3,3542,3760,4198,02009_0009_00,02009_0009_01,2,b_card_0056,b_adv_0019,1,0,0,1,1
20090010,2009,Ruby's Courage,3,300002,20090010,2,3,3556,4382,3562,02009_0010_00,02009_0010_01,2,b_card_0041,b_card_0078,1,0,0,1,1
20090011,2009,Sleepyhead,2,200004,20090011,3,4,4249,4054,4697,02009_0011_00,02009_0011_01,3,,,1,20090011,0,1,1
20090012,2009,Note the Flowers,3,300003,20090012,3,4,3982,4735,4283,02009_0012_00,02009_0012_01,3,,,4,0,1953,1,1
30010001,3001,Gracefully,1,100001,30010001,1,2,3671,3226,3103,03001_0001_00,03001_0001_01,1,,,1,0,0,1,1
30010002,3001,One Step at a Time,2,200001,30010002,1,2,3228,2983,3789,03001_0002_00,03001_0002_01,1,,,1,0,0,1,1
30010003,3001,Hard Worker,3,300001,30010003,1,2,2907,4025,3068,03001_0003_00,03001_0003_01,1,,,1,0,0,1,1
30010004,3001,Flower in the Night Sky,1,100002,30010004,2,3,4267,3708,3525,03001_0004_00,03001_0004_01,2,b_card_0013,b_adv_0019,1,0,0,1,1
30010005,3001,Cool Blooming Flower,2,200002,30010005,2,3,3600,3402,4498,03001_0005_00,03001_0005_01,2,b_card_0081,b_card_0074,1,0,0,1,1
30010006,3001,Easter Bunny!,3,300002,30010006,2,3,3576,4202,3722,03001_0006_00,03001_0006_01,2,b_card_0003,b_adv_0021,1,0,0,1,1
30010007,3001,Right Next to You,3,300007,30010007,3,4,4136,4805,4059,03001_0007_00,03001_0007_01,3,,,1,30010007,0,1,1
30020001,3002,Little Demon,1,100001,30020001,1,2,4101,3024,2875,03002_0001_00,03002_0001_01,1,,,1,0,0,1,1
30020002,3002,Kasumin!,2,200001,30020002,1,2,2986,3318,3696,03002_0002_00,03002_0002_01,1,,,1,0,0,1,1
30020003,3002,Cuteness Research,3,300001,30020003,1,2,2831,3970,3199,03002_0003_00,03002_0003_01,1,,,1,0,0,1,1
30020004,3002,Canary Kasumin,1,100002,30020004,2,3,4216,3688,3596,03002_0004_00,03002_0004_01,2,b_card_0013,b_adv_0019,1,0,0,1,1
30020005,3002,Healthy and Cute,2,200002,30020005,2,3,3436,3359,4705,03002_0005_00,03002_0005_01,2,b_card_0081,b_card_0074,1,0,0,1,1
30020006,3002,Search with Kasumin!,3,300002,30020006,2,3,3367,4431,3702,03002_0006_00,03002_0006_01,2,b_card_0003,b_adv_0021,1,0,0,1,1
30020007,3002,Rainbow Bread Roll,1,100004,30020007,3,4,4799,4265,3936,03002_0007_00,03002_0007_01,3,,,1,30020007,0,1,1
30030001,3003,Red Ribbon,1,100001,30030001,1,2,3629,3230,3141,03003_0001_00,03003_0001_01,1,,,1,0,0,1,1
30030002,3003,Capable and Collected,2,200001,30030002,1,2,3095,3015,3890,03003_0002_00,03003_0002_01,1,,,1,0,0,1,1
30030003,3003,Theater Club Member,3,300001,30030003,1,2,3060,3626,3314,03003_0003_00,03003_0003_01,1,,,1,0,0,1,1
30030004,3003,Azure Heroine,1,100002,30030004,2,3,4302,3421,3777,03003_0004_00,03003_0004_01,2,b_card_0013,b_adv_0019,1,0,0,1,1
30030005,3003,Seeking Coolness,2,200002,30030005,2,3,3547,3508,4445,03003_0005_00,03003_0005_01,2,b_card_0081,b_card_0074,1,0,0,1,1
30030006,3003,"Tea Time, Break Time",3,300002,30030006,2,3,3663,4248,3589,03003_0006_00,03003_0006_01,2,b_card_0003,b_adv_0021,1,0,0,1,1
30030007,3003,My True Self,2,200004,30030007,3,4,3906,4293,4801,03003_0007_00,03003_0007_01,3,,,1,30030007,0,1,1
30040001,3004,Magazine Model,1,100001,30040001,1,2,4070,3030,2900,03004_0001_00,03004_0001_01,1,,,1,0,0,1,1
30040002,3004,A Reliable Ally,2,200001,30040002,1,2,3048,3202,3750,03004_0002_00,03004_0002_01,1,,,1,0,0,1,1
30040003,3004,With Self Discipline,3,300001,30040003,1,2,3066,3788,3146,03004_0003_00,03004_0003_01,1,,,1,0,0,1,1
30040004,3004,Fragrant Folding Fan,1,100002,30040004,2,3,4455,3543,3502,03004_0004_00,03004_0004_01,2,b_card_0013,b_adv_0019,1,0,0,1,1
30040005,3004,Passion Is in My Heart,2,200002,30040005,2,3,3355,3693,4452,03004_0005_00,03004_0005_01,2,b_card_0081,b_card_0074,1,0,0,1,1
30040006,3004,Sometimes Cute's the Way,3,300002,30040006,2,3,3414,4547,3539,03004_0006_00,03004_0006_01,2,b_card_0003,b_adv_0021,1,0,0,1,1
30040007,3004,The Pursuit of Quality,3,300004,30040007,3,4,3960,5024,4016,03004_0007_00,03004_0007_01,3,,,1,30040007,0,1,1
30050001,3005,Everyone's Sun,1,100001,30050001,1,2,3931,3168,2901,03005_0001_00,03005_0001_01,1,,,1,0,0,1,1
30050002,3005,Helper,2,200001,30050002,1,2,3030,3034,3936,03005_0002_00,03005_0002_01,1,,,1,0,0,1,1
30050003,3005,Ambition,3,300001,30050003,1,2,2841,3971,3188,03005_0003_00,03005_0003_01,1,,,1,0,0,1,1
30050004,3005,Summertime Sunshine,1,100002,30050004,2,3,4263,3594,3643,03005_0004_00,03005_0004_01,2,b_card_0013,b_adv_0019,1,0,0,1,1
30050005,3005,Water Balloon Splash!,2,200002,30050005,2,3,3622,3280,4598,03005_0005_00,03005_0005_01,2,b_card_0081,b_card_0074,1,0,0,1,1
30050006,3005,Happy Easter!,3,300002,30050006,2,3,3265,4693,3542,03005_0006_00,03005_0006_01,2,b_card_0003,b_adv_0021,1,0,0,1,1
30050007,3005,A Change of Pace,1,100004,30050007,3,4,4871,3888,4241,03005_0007_00,03005_0007_01,3,,,1,30050007,0,1,1
30060001,3006,At My Own Pace,1,100001,30060001,1,2,3940,3070,2990,03006_0001_00,03006_0001_01,1,,,1,0,0,1,1
30060002,3006,Zzz...,2,200001,30060002,1,2,3067,3078,3855,03006_0002_00,03006_0002_01,1,,,1,0,0,1,1
30060003,3006,As the Big Sister,3,300001,30060003,1,2,2927,3878,3195,03006_0003_00,03006_0003_01,1,,,1,0,0,1,1
30060004,3006,Land of Dreams in Summer,1,100002,30060004,2,3,4511,3642,3347,03006_0004_00,03006_0004_01,2,b_card_0013,b_adv_0019,1,0,0,1,1
30060005,3006,Tranquil Morning Trip,2,200002,30060005,2,3,3796,3417,4287,03006_0005_00,03006_0005_01,2,b_card_0081,b_card_0074,1,0,0,1,1
30060006,3006,Follow the Rabbit,3,300002,30060006,2,3,3473,4671,3356,03006_0006_00,03006_0006_01,2,b_card_0003,b_adv_0021,1,0,0,1,1
30060007,3006,Sisterly Supper,2,200004,30060007,3,4,3848,3959,5193,03006_0007_00,03006_0007_01,3,,,1,30060007,0,1,1
30070001,3007,Hot-Blooded Drive,1,100001,30070001,1,2,3865,3007,3128,03007_0001_00,03007_0001_01,1,,,1,0,0,1,1
30070002,3007,Heroic Transformation,2,200001,30070002,1,2,3289,2894,3817,03007_0002_00,03007_0002_01,1,,,1,0,0,1,1
30070003,3007,Passionate Soul,3,300001,30070003,1,2,3294,3643,3063,03007_0003_00,03007_0003_01,1,,,1,0,0,1,1
30070004,3007,Shine Under the Sun,1,100002,30070004,2,3,4700,3536,3264,03007_0004_00,03007_0004_01,2,b_card_0013,b_adv_0019,1,0,0,1,1
30070005,3007,Crimson Pinwheel,2,200002,30070005,2,3,3799,3533,4168,03007_0005_00,03007_0005_01,2,b_card_0081,b_card_0074,1,0,0,1,1
30070006,3007,I Found an Egg!,3,300002,30070006,2,3,3436,4564,3500,03007_0006_00,03007_0006_01,2,b_card_0003,b_adv_0021,1,0,0,1,1
30070007,3007,Professing My Love!,3,300004,30070007,3,4,3802,5139,4059,03007_0007_00,03007_0007_01,3,,,1,30070007,0,1,1
30080001,3008,Calm but Headstrong,1,100001,30080001,1,2,4018,3014,2968,03008_0001_00,03008_0001_01,1,,,1,0,0,1,1
30080002,3008,Swiss Air,2,200001,30080002,1,2,3205,3109,3686,03008_0002_00,03008_0002_01,1,,,1,0,0,1,1
30080003,3008,Everyone's Support,3,300001,30080003,1,2,2963,3994,3043,03008_0003_00,03008_0003_01,1,,,1,0,0,1,1
30080004,3008,Under the Summer Sun,1,100002,30080004,2,3,4539,3480,3481,03008_0004_00,03008_0004_01,2,b_card_0013,b_adv_0019,1,0,0,1,1
30080005,3008,Savoring a Snow Cone,2,200002,30080005,2,3,3534,3713,4253,03008_0005_00,03008_0005_01,2,b_card_0081,b_card_0074,1,0,0,1,1
30080006,3008,I Found the Cutest Egg,3,300002,30080006,2,3,3518,4401,3581,03008_0006_00,03008_0006_01,2,b_card_0003,b_adv_0021,1,0,0,1,1
30080007,3008,Gently Filtered Sun,1,100004,30080007,3,4,5327,3807,3866,03008_0007_00,03008_0007_01,3,,,1,30080007,0,1,1
30090001,3009,What I Want to Do,1,100001,30090001,1,2,3594,3070,3336,03009_0001_00,03009_0001_01,1,,,1,0,0,1,1
30090002,3009,Forming Bonds,2,200001,30090002,1,2,2982,3078,3940,03009_0002_00,03009_0002_01,1,,,1,0,0,1,1
30090003,3009,Rina-chan Board,3,300001,30090003,1,2,2987,3833,3180,03009_0003_00,03009_0003_01,1,,,1,0,0,1,1
30090004,3009,Rina-chan Fan,1,100002,30090004,2,3,4323,3728,3449,03009_0004_00,03009_0004_01,2,b_card_0013,b_adv_0019,1,0,0,1,1
30090005,3009,Cool Off in a Cool Spot,2,200002,30090005,2,3,3670,3660,4170,03009_0005_00,03009_0005_01,2,b_card_0081,b_card_0074,1,0,0,1,1
30090006,3009,Easter Balloon,3,300002,30090006,2,3,3558,4442,3500,03009_0006_00,03009_0006_01,2,b_card_0003,b_adv_0021,1,0,0,1,1
30090007,3009,Walker-in-Charge,2,200004,30090007,3,4,3810,3916,5274,03009_0007_00,03009_0007_01,3,,,1,30090007,0,1,1
30100001,3010,Where Dreams Begin,1,100001,30100001,1,2,3757,2955,3288,03010_0001_00,03010_0001_01,1,,,1,0,0,1,1
30100002,3010,For Everyone's Sake,2,200001,30100002,1,2,3093,3098,3809,03010_0002_00,03010_0002_01,1,,,1,0,0,1,1
30100003,3010,Steady Effort,3,300001,30100003,1,2,2790,4032,3178,03010_0003_00,03010_0003_01,1,,,1,0,0,1,1
30100004,3010,Fluttering Flowers,1,100002,30100004,2,3,4378,3496,3626,03010_0004_00,03010_0004_01,2,b_card_0013,b_adv_0019,1,0,0,1,1
30100005,3010,Blooming in the Shade,2,200002,30100005,2,3,3587,3490,4423,03010_0005_00,03010_0005_01,2,b_card_0081,b_card_0074,1,0,0,1,1
30100006,3010,A Symbol of Revival,3,300002,30100006,2,3,3369,4423,3708,03010_0006_00,03010_0006_01,2,b_card_0003,b_adv_0021,1,0,0,1,1
30100007,3010,Diligence!,3,300004,30100007,3,4,4111,4704,4185,03010_0007_00,03010_0007_01,3,,,1,30100007,0,1,1
30110001,3011,Grade-Skipper,1,100001,30110001,1,2,3840,2942,3218,03011_0001_00,03011_0001_01,1,,,1,0,0,1,1
30110002,3011,New Yorker,2,200001,30110002,1,2,3307,2987,3706,03011_0002_00,03011_0002_01,1,,,1,0,0,1,1
30110003,3011,My Song,3,300001,30110003,1,2,2908,3870,3222,03011_0003_00,03011_0003_01,1,,,1,0,0,1,1
30110004,3011,Trying on a Yukata,1,100002,30110004,2,3,4610,3345,3545,03011_0004_00,03011_0004_01,2,b_card_0013,b_adv_0019,1,0,0,1,1
30110005,3011,"Oh, Sweet Ramune",2,200002,30110005,2,3,3820,3511,4169,03011_0005_00,03011_0005_01,2,b_card_0081,b_card_0074,1,0,0,1,1
30110006,3011,Where Are the Eggs?,3,300002,30110006,2,3,3703,4384,3413,03011_0006_00,03011_0006_01,2,b_card_0003,b_adv_0021,1,0,0,1,1
30110007,3011,All-Out Composing,1,100004,30110007,3,4,4815,4179,4006,03011_0007_00,03011_0007_01,3,,,1,30110007,0,1,1
30120001,3012,Mou Man Tai! No Prob!,1,100001,30120001,1,2,4048,2794,3158,03012_0001_00,03012_0001_01,1,,,1,0,0,1,1
30120002,3012,Born in Hong Kong,2,200001,30120002,1,2,3014,2909,4077,03012_0002_00,03012_0002_01,1,,,1,0,0,1,1
30120003,3012,I Can Do Anything,3,300001,30120003,1,2,3167,3945,2888,03012_0003_00,03012_0003_01,1,,,1,0,0,1,1
30120004,3012,Nonchalant Strut,1,100002,30120004,2,3,4661,3368,3471,03012_0004_00,03012_0004_01,2,b_card_0013,b_adv_0019,1,0,0,1,1
30120005,3012,Crunchy Candy Apple,2,200002,30120005,2,3,3380,3717,4403,03012_0005_00,03012_0005_01,2,b_card_0081,b_card_0074,1,0,0,1,1
30120006,3012,Fruit Sandwich,3,300002,30120006,2,3,3676,4155,3669,03012_0006_00,03012_0006_01,2,b_card_0003,b_adv_0021,1,0,0,1,1
30120007,3012,Friends and Rivals,2,200004,30120007,3,4,4124,3946,4930,03012_0007_00,03012_0007_01,3,,,1,30120007,0,1,1
40010001,4001,Feeling Determined,1,100001,40010001,1,2,3861,2923,3216,04001_0001_00,04001_0001_01,1,,,1,0,0,1,1
40010002,4001,I Love to Sing,2,200001,40010002,1,2,3092,2832,4076,04001_0002_00,04001_0002_01,1,,,1,0,0,1,1
40010003,4001,Singing at Home,3,300001,40010003,1,2,3089,3807,3104,04001_0003_00,04001_0003_01,1,,,1,0,0,1,1
40010004,4001,Cheering Everybody Up,1,100002,40010004,2,3,4457,3676,3367,04001_0004_00,04001_0004_01,2,b_card_0084,b_st_0004,1,0,0,1,1
40010005,4001,A Little Shy,2,200002,40010005,2,3,3428,3720,4352,04001_0005_00,04001_0005_01,2,b_card_0073,b_card_0013,1,0,0,1,1
40010006,4001,Heading Out to Harajuku,3,300002,40010006,2,3,3501,4166,3833,04001_0006_00,04001_0006_01,2,b_card_0082,b_card_0083,1,0,0,1,1
40010007,4001,Heartfelt Feelings,1,100008,40010007,3,4,5292,3855,3853,04001_0007_00,04001_0007_01,3,,,1,40010007,0,1,1
40010008,4001,Always Sunny Above the Clouds,3,300003,40010008,3,4,4111,5089,3956,04001_0008_00,04001_0008_01,3,,,4,0,1000,1,223121515
40020001,4002,Beeline!,1,100001,40020001,1,2,3617,3318,3065,04002_0001_00,04002_0001_01,1,,,1,0,0,1,1
40020002,4002,Born in Shanghai,2,200001,40020002,1,2,3084,3089,3827,04002_0002_00,04002_0002_01,1,,,1,0,0,1,1
40020003,4002,Dressing Up at Home,3,300001,40020003,1,2,3163,3910,2927,04002_0003_00,04002_0003_01,1,,,1,0,0,1,1
40020004,4002,I'll Do My Very Best!,1,100002,40020004,2,3,4379,3458,3663,04002_0004_00,04002_0004_01,2,b_card_0084,b_st_0004,1,0,0,1,1
40020005,4002,Powerfully Passionate,2,200002,40020005,2,3,3518,3736,4246,04002_0005_00,04002_0005_01,2,b_card_0073,b_card_0013,1,0,0,1,1
40020006,4002,Getting Rough!,3,300002,40020006,2,3,3541,4499,3460,04002_0006_00,04002_0006_01,2,b_card_0082,b_card_0083,1,0,0,1,1
40020007,4002,Costume Stylist,3,300004,40020007,3,4,3825,4983,4192,04002_0007_00,04002_0007_01,3,,,1,40020007,0,1,1
40020008,4002,No Time Like the Present,2,200003,40020008,3,4,4257,3869,5030,04002_0008_00,04002_0008_01,3,,,4,0,1000,1,223121515
40030001,4003,Choreographer,1,100001,40030001,1,2,4048,2917,3035,04003_0001_00,04003_0001_01,1,,,1,0,0,1,1
40030002,4003,Love for Round Things,2,200001,40030002,1,2,3293,3093,3614,04003_0002_00,04003_0002_01,1,,,1,0,0,1,1
40030003,4003,Surprises at Home,3,300001,40030003,1,2,3063,3804,3133,04003_0003_00,04003_0003_01,1,,,1,0,0,1,1
40030004,4003,Let's Dance Together,1,100002,40030004,2,3,4463,3354,3683,04003_0004_00,04003_0004_01,2,b_card_0084,b_st_0004,1,0,0,1,1
40030005,4003,Wanna Eat Takoyaki?,2,200002,40030005,2,3,3643,3326,4531,04003_0005_00,04003_0005_01,2,b_card_0073,b_card_0013,1,0,0,1,1
40030006,4003,Carefree Greetings,3,300002,40030006,2,3,3418,4471,3611,04003_0006_00,04003_0006_01,2,b_card_0082,b_card_0083,1,0,0,1,1
40030007,4003,Veteran Steps,2,200004,40030007,3,4,3777,4028,5195,04003_0007_00,04003_0007_01,3,,,1,40030007,0,1,1
40030008,4003,Fortune Visits Those Who Smile,1,100003,40030008,3,4,5066,3865,4225,04003_0008_00,04003_0008_01,3,,,4,0,1000,1,223121515
40040001,4004,The Showbiz Spirit,1,100001,40040001,1,2,3936,2971,3093,04004_0001_00,04004_0001_01,1,,,1,0,0,1,1
40040002,4004,A Real Wild Card,2,200001,40040002,1,2,3114,3134,3752,04004_0002_00,04004_0002_01,1,,,1,0,0,1,1
40040003,4004,A Toast at Home☆,3,300001,40040003,1,2,2985,3636,3379,04004_0003_00,04004_0003_01,1,,,1,0,0,1,1
40040004,4004,Galaxy!,1,100002,40040004,2,3,4628,3340,3532,04004_0004_00,04004_0004_01,2,b_card_0084,b_st_0004,1,0,0,1,1
40040005,4004,Back to Center Stage,2,200002,40040005,2,3,3544,3800,4156,04004_0005_00,04004_0005_01,2,b_card_0073,b_card_0013,1,0,0,1,1
40040006,4004,Walking in Platform Shoes!,3,300002,40040006,2,3,3597,4267,3636,04004_0006_00,04004_0006_01,2,b_card_0082,b_card_0083,1,0,0,1,1
40040007,4004,Two Armfuls,1,100004,40040007,3,4,5052,3842,4106,04004_0007_00,04004_0007_01,3,,,1,40040007,0,1,1
40040008,4004,Faith Moves Mountains,2,200003,40040008,3,4,4045,4057,5054,04004_0008_00,04004_0008_01,3,,,4,0,1000,1,223121515
40050001,4005,Honor Student,1,100001,40050001,1,2,3664,3305,3031,04005_0001_00,04005_0001_01,1,,,1,0,0,1,1
40050002,4005,Young Miss,2,200001,40050002,1,2,3249,2907,3844,04005_0002_00,04005_0002_01,1,,,1,0,0,1,1
40050003,4005,Decorating Home,3,300001,40050003,1,2,3146,4034,2820,04005_0003_00,04005_0003_01,1,,,1,0,0,1,1
40050004,4005,Diligent Effort,1,100002,40050004,2,3,4248,3512,3740,04005_0004_00,04005_0004_01,2,b_card_0084,b_st_0004,1,0,0,1,1
40050005,4005,An Example to All,2,200002,40050005,2,3,3644,3547,4309,04005_0005_00,04005_0005_01,2,b_card_0073,b_card_0013,1,0,0,1,1
40050006,4005,Leisure Outfit,3,300002,40050006,2,3,3454,4206,3840,04005_0006_00,04005_0006_01,2,b_card_0082,b_card_0083,1,0,0,1,1
40050007,4005,Mother's Yuigaoka,3,300004,40050007,3,4,3878,4947,4175,04005_0007_00,04005_0007_01,3,,,1,40050007,0,1,1
40050008,4005,Never Forget Your Roots,1,100003,40050008,3,4,5072,3977,4107,04005_0008_00,04005_0008_01,3,,,4,0,1000,1,223121515
40060001,4006,From the Far North,1,100001,40060001,1,2,3817,2979,3204,04006_0001_00,04006_0001_01,1,,,1,0,0,1,1
40060002,4006,Genial and Generous,2,200001,40060002,1,2,3150,3244,3606,04006_0002_00,04006_0002_01,1,,,1,0,0,1,1
40060003,4006,Relaxing at Home,3,300001,40060003,1,2,3032,3913,3055,04006_0003_00,04006_0003_01,1,,,1,0,0,1,1
40060004,4006,Aiming to Shine,1,100002,40060004,2,3,4429,3552,3519,04006_0004_00,04006_0004_01,2,b_card_0084,b_st_0004,1,0,0,1,1
40060005,4006,I'm Going for It!,2,200002,40060005,2,3,3441,3772,4287,04006_0005_00,04006_0005_01,2,b_card_0073,b_card_0013,1,0,0,1,1
40060006,4006,Let's Get Girly,3,300002,40060006,2,3,3857,4152,3491,04006_0006_00,04006_0006_01,2,b_card_0082,b_card_0083,1,0,0,1,1
40060007,4006,230m above Ground,2,200004,40060007,3,4,4042,4197,4761,04006_0007_00,04006_0007_01,3,,,1,40060007,0,1,1
40060008,4006,If At First You Don’t Succeed,3,300003,40060008,3,4,3943,5028,4185,04006_0008_00,04006_0008_01,3,,,4,0,1000,1,223121515
40070001,4007,I Wanna Try!,1,100001,40070001,1,2,3683,3061,3256,04007_0001_00,04007_0001_01,1,,,1,0,0,1,1
40070002,4007,With the Seasons,2,200001,40070002,1,2,2910,3289,3801,04007_0002_00,04007_0002_01,1,,,1,0,0,1,1
40070003,4007,House Party!,3,300001,40070003,1,2,3268,3856,2876,04007_0003_00,04007_0003_01,1,,,1,0,0,1,1
40070004,4007,Please Cheer Me On...,1,100002,40070004,2,3,4391,3371,3738,04007_0004_00,04007_0004_01,2,b_card_0084,b_st_0004,1,0,0,1,1
40070005,4007,Following My Dreams,2,200002,40070005,2,3,3604,3240,4656,04007_0005_00,04007_0005_01,2,b_card_0073,b_card_0013,1,0,0,1,1
40070006,4007,Looking Cool,3,300002,40070006,2,3,3351,4408,3741,04007_0006_00,04007_0006_01,2,b_card_0082,b_card_0083,1,0,0,1,1
40070007,4007,Almost Complete,1,100004,40070007,3,4,4976,3847,4177,04007_0007_00,04007_0007_01,3,,,1,40070007,0,1,1
40070008,4007,With All Your Might,2,200003,40070008,3,4,3943,4169,5044,04007_0008_00,04007_0008_01,3,,,4,0,1000,1,223121515
40080001,4008,Science Club Member,1,100001,40080001,1,2,3649,3262,3089,04008_0001_00,04008_0001_01,1,,,1,0,0,1,1
40080002,4008,With Mei,2,200001,40080002,1,2,3055,3289,3656,04008_0002_00,04008_0002_01,1,,,1,0,0,1,1
40080003,4008,Chilling at Home,3,300001,40080003,1,2,3043,3887,3070,04008_0003_00,04008_0003_01,1,,,1,0,0,1,1
40080004,4008,Cool and Mysterious,1,100002,40080004,2,3,4476,3384,3640,04008_0004_00,04008_0004_01,2,b_card_0084,b_st_0004,1,0,0,1,1
40080005,4008,Lively's Not So Bad,2,200002,40080005,2,3,3557,3490,4453,04008_0005_00,04008_0005_01,2,b_card_0073,b_card_0013,1,0,0,1,1
40080006,4008,I Make This Look Good,3,300002,40080006,2,3,3249,4671,3580,04008_0006_00,04008_0006_01,2,b_card_0082,b_card_0083,1,0,0,1,1
40080007,4008,After School Science,3,300004,40080007,3,4,4095,4736,4169,04008_0007_00,04008_0007_01,3,,,1,40080007,0,1,1
40080008,4008,Silence Is Golden,1,100003,40080008,3,4,5046,3930,4180,04008_0008_00,04008_0008_01,3,,,4,0,1000,1,223121515
40090001,4009,Oni-Supplement,1,100001,40090001,1,2,3728,3040,3232,04009_0001_00,04009_0001_01,1,,,1,0,0,1,1
40090002,4009,I Smell Money,2,200001,40090002,1,2,2935,3132,3933,04009_0002_00,04009_0002_01,1,,,1,0,0,1,1
40090003,4009,Happy Heart at Home,3,300001,40090003,1,2,2953,4064,2983,04009_0003_00,04009_0003_01,1,,,1,0,0,1,1
40090004,4009,I'll Fire Them Up!,1,100002,40090004,2,3,4321,3495,3684,04009_0004_00,04009_0004_01,2,b_card_0084,b_st_0004,1,0,0,1,1
40090005,4009,Newfound Dream,2,200002,40090005,2,3,3571,3252,4677,04009_0005_00,04009_0005_01,2,b_card_0073,b_card_0013,1,0,0,1,1
40090006,4009,Sweet & Spicy,3,300002,40090006,2,3,3433,4638,3429,04009_0006_00,04009_0006_01,2,b_card_0082,b_card_0083,1,0,0,1,1
40090007,4009,OniNatsu Live Stream!,2,200004,40090007,3,4,4062,4208,4730,04009_0007_00,04009_0007_01,3,,,1,40090007,0,1,1
40090008,4009,Ends Justify Means,3,300003,40090008,3,4,4194,4951,4011,04009_0008_00,04009_0008_01,3,,,4,0,1000,1,223121515
10010015,1001,Miracle Live!,2,200003,10010015,3,4,3804,3883,4663,01001_0015_00,01001_0015_01,3,,,0,10010015,0,1,1
20010013,2001,Miracle Live☆,3,300003,20010013,3,4,3725,4594,4031,02001_0013_00,02001_0013_01,3,,,0,20010013,0,1,1
30010009,3001,Miracle Live♡,1,100003,30010009,3,4,4907,3824,3619,03001_0009_00,03001_0009_01,3,,,0,30010009,0,1,1
40010009,4001,Miracle Live♪,2,200003,40010009,3,4,3771,3851,4728,04001_0009_00,04001_0009_01,3,,,0,40010009,0,1,1
40090009,4009,Time for a Lecture,1,100004,40090009,3,4,5012,4062,3952,04009_0009_00,04009_0009_01,3,,,1,40090009,0,1,223041902
40020009,4002,Swirling Ice Cream,1,100008,40020009,3,4,4727,4157,4142,04002_0009_00,04002_0009_01,3,,,1,40020009,0,1,223041902
40030009,4003,Cheer Up!,1,100003,40030009,3,4,5135,3771,4120,04003_0009_00,04003_0009_01,3,,,2,40030009,0,1,223041904
10010016,1001,Sports Drink,3,300004,10010016,3,4,4315,4740,3971,01001_0016_00,01001_0016_01,3,,,1,10010016,0,1,223043003
10020015,1002,New! Animal Cookie,3,300005,10020015,3,4,4000,4929,4097,01002_0015_00,01002_0015_01,3,,,1,10020015,0,1,223043003
10090015,1009,µ's and Me,3,300003,10090015,3,4,4011,4792,4223,01009_0015_00,01009_0015_01,3,,,2,10090015,0,1,223043005
20010014,2001,Trying on Glasses,2,200004,20010014,3,4,4071,3879,5076,02001_0014_00,02001_0014_01,3,,,1,20010014,0,1,223051503
20020013,2002,Take a Bite,2,200006,20020013,3,4,3827,4045,5154,02002_0013_00,02002_0013_01,3,,,1,20020013,0,1,223051503
20070013,2007,Having a Snack Downtown,2,200003,20070013,3,4,4095,3842,5089,02007_0013_00,02007_0013_01,3,,,2,20070013,0,1,223051505
40010010,4001,Lovely Apple Pie,3,300004,40010010,3,4,4150,4716,4160,04001_0010_00,04001_0010_01,3,,,1,40010010,0,1,223050104
30050009,3005,Surprise BBQ,2,200004,30050009,3,4,3980,4047,4999,03005_0009_00,03005_0009_01,3,,,1,30050009,0,1,223053002
30060009,3006,Catching Some Zzz's,3,300004,30060009,3,4,3789,5356,3907,03006_0009_00,03006_0009_01,3,,,1,30060009,0,1,223053103
30080009,3008,Healing Voice Echoes in the Air,3,300007,30080009,3,4,3802,5307,3943,03008_0009_00,03008_0009_01,3,,,1,30080009,0,1,223053103
30090009,3009,Super Intense Live Show,3,300003,30090009,3,4,3878,4963,4211,03009_0009_00,03009_0009_01,3,,,1,30090009,0,1,223053105
20030013,2003,I Love this Ocean,1,100004,20030013,3,4,5216,4045,3791,02003_0013_00,02003_0013_01,3,,,1,20030013,0,1,223061503
20040013,2004,Shell Float,1,100006,20040013,3,4,5226,3853,3973,02004_0013_00,02004_0013_01,3,,,1,20040013,0,1,223061503
20090013,2009,Unbreakable Watermelon,1,100003,20090013,3,4,4937,4042,4073,02009_0013_00,02009_0013_01,3,,,1,20090013,0,1,223061505
10070015,1007,Rainy Birthday,3,300004,10070015,3,4,4021,5262,3769,01007_0015_00,01007_0015_01,3,,,1,10070015,0,1,223060902
20080013,2008,Hydrangea After Rain,1,100004,20080013,3,4,5251,3817,3984,02008_0013_00,02008_0013_01,3,,,1,20080013,0,1,223061302
40080009,4008,Stag Beetle Cake,1,100004,40080009,3,4,5266,4048,3738,04008_0009_00,04008_0009_01,3,,,1,40080009,0,1,223061702
30040009,3004,Morning Surprise!,2,200004,30040009,3,4,3993,3748,5311,03004_0009_00,03004_0009_01,3,,,1,30040009,0,1,223062902
10070016,1007,I'll See You in Umeda,1,100003,10070016,3,4,4492,3993,3865,01007_0016_00,01007_0016_01,3,,,0,0,1988,1,223070703
40040009,4004,Like a Hollywood Star,2,200008,40040009,3,4,3839,3880,5359,04004_0009_00,04004_0009_01,3,,,1,40040009,0,1,223063003
40050009,4005,Summertime Beach Volleyball,2,200004,40050009,3,4,4044,3734,5300,04005_0009_00,04005_0009_01,3,,,1,40050009,0,1,223063003
40060010,4006,High Waves Surprise,2,200003,40060010,3,4,4185,3987,4906,04006_0010_00,04006_0010_01,3,,,2,40060010,0,1,223063005
30010010,3001,Poolside Break,2,200004,30010010,3,4,3805,3990,5283,03001_0010_00,03001_0010_01,3,,,1,30010010,0,1,223071504
30100009,3010,Waterslide,2,200007,30100009,3,4,3994,3831,5253,03010_0009_00,03010_0009_01,3,,,1,30100009,0,1,223071504
30020009,3002,Lurking Under the Sea,2,200003,30020009,3,4,4015,4346,4717,03002_0009_00,03002_0009_01,3,,,2,30020009,0,1,223071506
20060014,2006,With Gratitude,1,100004,20060014,3,4,5318,3847,3913,02006_0014_00,02006_0014_01,3,,,1,20060014,0,1,223071302
40020010,4002,Sunny Passion Surprise,3,300004,40020010,3,4,4014,5273,3791,04002_0010_00,04002_0010_01,3,,,1,40020010,0,1,223071703
40020012,4002,A Tree of Snow and Ice,2,200008,40020012,3,4,3871,3958,5483,04002_0012_00,04002_0012_01,3,,,1,40020012,0,1,223121506
40020014,4002,It's Cooking!,3,300003,40020014,2,3,3446,4969,3315,04002_0014_00,04002_0014_01,2,,,4,0,0,1,224020102
10090016,1009,Echoes of a Stationfront Duet,1,100004,10090016,3,4,5352,3713,4013,01009_0016_00,01009_0016_01,3,,,1,10090016,0,1,223072202
10030016,1003,Close to Summer's End...,1,100004,10030016,3,4,5223,3949,3932,01003_0016_00,01003_0016_01,3,,,1,10030016,0,1,223073103
10050015,1005,Big Wave Surfin',1,100005,10050015,3,4,5335,3940,3829,01005_0015_00,01005_0015_01,3,,,1,10050015,0,1,223073103
10040016,1004,Beach Races,1,100003,10040016,3,4,4796,4297,4011,01004_0016_00,01004_0016_01,3,,,2,10040016,0,1,223073105
40070010,4007,Festival Games,3,300004,40070010,3,4,3944,5291,3869,04007_0010_00,04007_0010_01,3,,,1,40070010,0,1,223081503
40080010,4008,Bullseye for Mei,3,300008,40080010,3,4,3817,5353,3934,04008_0010_00,04008_0010_01,3,,,1,40080010,0,1,223081503
40080011,4008,From a Prehistoric World,2,200003,40080011,3,4,4051,4223,5038,04008_0011_00,04008_0011_01,3,,,2,40080011,0,1,223121509
40080013,4008,Taste Tester Wanted,3,300003,40080013,2,3,3376,4980,3374,04008_0013_00,04008_0013_01,2,,,4,0,0,1,224020102
40010011,4001,Evening Flower Buds,3,300003,40010011,3,4,4257,4819,4028,04001_0011_00,04001_0011_01,3,,,2,40010011,0,1,223081505
20010015,2001,Cozy Bus Ride,3,300004,20010015,3,4,3852,5180,4072,02001_0015_00,02001_0015_01,3,,,1,20010015,0,1,223080103
10010017,1001,Letter from a Childhood Friend,2,200004,10010017,3,4,3908,3962,5234,01001_0017_00,01001_0017_01,3,,,1,10010017,0,1,223080304
40090010,4009,Cradled by the Trunk,3,300004,40090010,3,4,4020,5372,3712,04009_0010_00,04009_0010_01,3,,,1,40090010,0,1,223080702
30070009,3007,Anime Song Karaoke Party,2,200004,30070009,3,4,3708,4024,5372,03007_0009_00,03007_0009_01,3,,,1,30070009,0,1,223080802
20060015,2006,Where Darkness Gathers,3,300004,20060015,3,4,3752,5304,4074,02006_0015_00,02006_0015_01,3,,,1,20060015,0,1,223083103
20060016,2006,Overenthusiastic Exorcist,2,200019,20060016,3,4,3916,3965,5587,02006_0016_00,02006_0016_01,3,,,1,20060016,0,1,224021403
20060017,2006,What Should I Do?!,1,100004,20060017,3,4,5118,4096,4254,02006_0017_00,02006_0017_01,3,,,4,0,1000,1,224020903
20080014,2008,Gazing at the Distant Moon,3,300006,20080014,3,4,3801,5367,3962,02008_0014_00,02008_0014_01,3,,,1,20080014,0,1,223083103
20080016,2008,Super Luxury Ehomaki,2,200003,20080016,3,4,4343,4006,5119,02008_0016_00,02008_0016_01,3,,,2,20080016,0,1,224021406
20050014,2005,Rustling Silvergrass,3,300003,20050014,3,4,4219,5004,3907,02005_0014_00,02005_0014_01,3,,,2,20050014,0,1,223083105
10060015,1006,Refreshing Evening,2,200004,10060015,3,4,4023,3728,5379,01006_0015_00,01006_0015_01,3,,,1,10060015,0,1,223091503
10060017,1006,On the Snowy Rink,3,300005,10060017,3,4,3940,5506,3944,01006_0017_00,01006_0017_01,3,,,1,10060017,0,1,224011503
10060018,1006,Spring Astronomical Observation,1,100004,10060018,3,4,5599,3940,4007,01006_0018_00,01006_0018_01,3,,,1,10060018,0,1,224031603
10070017,1007,Summer Boat to Kanda,2,200005,10070017,3,4,3895,3871,5364,01007_0017_00,01007_0017_01,3,,,1,10070017,0,1,223091503
10080016,1008,How Many Plates Can we Eat?,2,200003,10080016,3,4,4136,4115,4879,01008_0016_00,01008_0016_01,3,,,2,10080016,0,1,223091505
10080017,1008,A Reason to Be Excited,1,100004,10080017,3,4,5527,4042,3821,01008_0017_00,01008_0017_01,3,,,1,10080017,0,1,224011703
10030017,1003,Costume Photoshoot ♡,1,100004,10030017,3,4,5361,4059,3710,01003_0017_00,01003_0017_01,3,,,1,10030017,0,1,223091202
10030018,1003,"Ah, I Slipped!",3,300019,10030018,3,4,4001,5543,3846,01003_0018_00,01003_0018_01,3,,,1,10030018,0,1,224011503
20020014,2002,Flying Seagulls,1,100004,20020014,3,4,5379,3745,4006,02002_0014_00,02002_0014_01,3,,,1,20020014,0,1,223091902
20020016,2002,Making Demon Masks,2,200004,20020016,3,4,3920,3976,5572,02002_0016_00,02002_0016_01,3,,,1,20020016,0,1,224021403
20090014,2009,Fresh Autumn Sweets,3,300004,20090014,3,4,3835,5221,4074,02009_0014_00,02009_0014_01,3,,,1,20090014,0,1,223092102
20090016,2009,With the Penguins,1,100006,20090016,3,4,5529,3779,4082,02009_0016_00,02009_0016_01,3,,,1,20090016,0,1,223123103
40040010,4004,Mesmerized by Melons ♡,3,300004,40040010,3,4,3873,5252,4005,04004_0010_00,04004_0010_01,3,,,1,40040010,0,1,223092802
40040012,4004,Want Me to Feed You?,1,100003,40040012,2,3,5019,3354,3357,04004_0012_00,04004_0012_01,2,,,4,0,0,1,224020102
40040013,4004,Can't Be Honest,3,300003,40040013,3,4,4018,5149,4379,04004_0013_00,04004_0013_01,3,,,2,40040013,0,1,224030106
30120010,3012,Halloween Afternoon,1,100004,30120010,3,4,5384,3849,3923,03012_0010_00,03012_0010_01,3,,,1,30120010,0,1,223093003
30110010,3011,Halloween Surprise,1,100007,30110010,3,4,5390,3738,4028,03011_0010_00,03011_0010_01,3,,,1,30110010,0,1,223093003
30030010,3003,Secret Plan,1,100003,30030010,3,4,5006,3975,4175,03003_0010_00,03003_0010_01,3,,,2,30030010,0,1,223093005
20070015,2007,Flower Park,3,300019,20070015,3,4,3960,5500,3696,02007_0015_00,02007_0015_01,3,,,1,20070015,0,1,223101507
20070016,2007,Impressive VR Experience,2,200004,20070016,3,4,4100,3852,5594,02007_0016_00,02007_0016_01,3,,,1,20070016,0,1,224030403
20040015,2004,The World is Upside-Down,3,300021,20040015,3,4,3690,5500,3966,02004_0015_00,02004_0015_01,3,,,1,20040015,0,1,223101507
20040016,2004,Wish on the Ema,2,200004,20040016,3,4,4134,3756,5500,02004_0016_00,02004_0016_01,3,,,1,20040016,0,1,224010104
20030015,2003,Haunted House,3,300003,20030015,3,4,3970,5050,4136,02003_0015_00,02003_0015_01,3,,,2,20030015,0,1,223101509
20030016,2003,Special Teatime,3,300004,20030016,3,4,3988,5577,3903,02003_0016_00,02003_0016_01,3,,,1,20030016,0,1,224021005
30100010,3010,Spending Time with My Sister,1,100004,30100010,3,4,5344,3751,4061,03010_0010_00,03010_0010_01,3,,,1,30100010,0,1,223100503
10020017,1002,New Hairstyle,2,200004,10020017,3,4,3771,4009,5376,01002_0017_00,01002_0017_01,3,,,1,10020017,0,1,223102102
10020018,1002,Forever Smiling,1,100004,10020018,3,4,5150,4243,4075,01002_0018_00,01002_0018_01,3,,,4,0,1000,1,224020903
40070011,4007,A Day at the Cat Cafe,2,200004,40070011,3,4,3887,3885,5384,04007_0011_00,04007_0011_01,3,,,1,40070011,0,1,223102902
40070012,4007,Came Out Great,1,100003,40070012,2,3,4995,3298,3437,04007_0012_00,04007_0012_01,2,,,4,0,0,1,224020102
40070013,4007,Snacks for Our Seniors,3,300004,40070013,3,4,3780,5610,4156,04007_0013_00,04007_0013_01,3,,,1,40070013,0,1,224030103
10040017,1004,With You to Wherever,3,300003,10040017,2,3,3300,4744,3594,01004_0017_00,01004_0017_01,2,,,3,10040017,0,1,223100504
20050015,2005,"Adventure, Aye Aye!",1,100003,20050015,2,3,4732,3255,3651,02005_0015_00,02005_0015_01,2,b_card_0086,b_card_0086,1,20050015,0,1,223101504
30070011,3007,The Great Adventure Begins,3,300003,30070011,2,3,3409,4693,3536,03007_0011_00,03007_0011_01,2,b_card_0086,b_card_0086,1,30070011,0,1,223101504
40030011,4003,To Sights Yet Unseen,2,200003,40030011,2,3,3632,3236,4770,04003_0011_00,04003_0011_01,2,b_card_0086,b_card_0086,1,40030011,0,1,223101504
30010011,3001,Walking Together With You,2,200003,30010011,3,4,3919,3986,5251,03001_0011_00,03001_0011_01,3,,,4,0,1000,1,223101503
30020010,3002,Super Sweet Cutie Girl,3,300003,30020010,3,4,4300,4925,3931,03002_0010_00,03002_0010_01,3,,,4,0,1000,1,223101503
30030011,3003,In the Springtime of Life,1,100003,30030011,3,4,4774,4211,4171,03003_0011_00,03003_0011_01,3,,,4,0,1000,1,223101503
30040010,3004,Cool Beauty,2,200003,30040010,3,4,4248,4027,4881,03004_0010_00,03004_0010_01,3,,,4,0,1000,1,223101503
30050011,3005,"""i"" Love You",3,300003,30050011,3,4,4111,5111,3934,03005_0011_00,03005_0011_01,3,,,4,0,1000,1,223101503
30060010,3006,Nap and a Show,1,100003,30060010,3,4,5040,4256,3860,03006_0010_00,03006_0010_01,3,,,4,0,1000,1,223101503
30070012,3007,Professing My Love!,2,200003,30070012,3,4,4119,4236,4801,03007_0012_00,03007_0012_01,3,,,4,0,1000,1,223101503
30080010,3008,Singing a Comforting Song,3,300003,30080010,3,4,3852,5220,4084,03008_0010_00,03008_0010_01,3,,,4,0,1000,1,223101503
30090011,3009,Connecting with Fans,1,100003,30090011,3,4,4833,4091,4232,03009_0011_00,03009_0011_01,3,,,4,0,1000,1,223101503
30100011,3010,Gifted with Aptitude,2,200003,30100011,3,4,3888,4113,5155,03010_0011_00,03010_0011_01,3,,,4,0,1000,1,223101503
30100012,3010,Time to Get to Work,3,300003,30100012,2,3,3465,4781,3415,03010_0012_00,03010_0012_01,2,b_card_0092,b_card_0092,0,0,1000,1,224011105
30110011,3011,Reach for My Dreams,3,300003,30110011,3,4,4074,4823,4259,03011_0011_00,03011_0011_01,3,,,4,0,1000,1,223101503
30110012,3011,"Let’s Go, Baby!",2,200003,30110012,2,3,3549,3317,4795,03011_0012_00,03011_0012_01,2,b_card_0092,b_card_0092,0,0,1000,1,224011105
30120011,3012,As a Part of the Club,1,100003,30120011,3,4,5224,4149,3783,03012_0011_00,03012_0011_01,3,,,4,0,1000,1,223101503
30120012,3012,Lanzhu’s the Boss!,2,200003,30120012,2,3,3562,3308,4791,03012_0012_00,03012_0012_01,2,b_card_0092,b_card_0092,0,0,1000,1,224011105
30120013,3012,The Best Love!,3,300004,30120013,3,4,3957,5205,3994,03012_0013_00,03012_0013_01,3,,,1,30120013,1000,1,223121902
30120014,3012,On a Flying Trapeze,2,200004,30120014,3,4,4116,3787,5565,03012_0014_00,03012_0014_01,3,,,1,30120014,0,1,224021503
30010012,3001,Gazing at You,3,300004,30010012,3,4,3810,5201,4145,03001_0012_00,03001_0012_01,3,,,1,30010012,1000,1,223100302
30020011,3002,Grown-up Date ♡,3,300004,30020011,3,4,4005,5220,3931,03002_0011_00,03002_0011_01,3,,,1,30020011,1000,1,223101002
30020013,3002,Formal Kasumin,2,200003,30020013,2,3,3285,3628,4748,03002_0013_00,03002_0013_01,2,b_card_0092,b_card_0092,0,0,1000,1,224011105
30020014,3002,Makeup Kasumin,3,300004,30020014,3,4,3955,5536,3899,03002_0014_00,03002_0014_01,3,,,1,30020014,0,1,224012303
30030012,3003,Flirty Attitude,2,200004,30030012,3,4,3918,3966,5272,03003_0012_00,03003_0012_01,3,,,1,30030012,1000,1,223101702
30030013,3003,Acting Like an Adult,3,300003,30030013,2,3,3368,4775,3518,03003_0013_00,03003_0013_01,2,b_card_0092,b_card_0092,0,0,1000,1,224011105
30030014,3003,Some Help from Ophelia,2,200019,30030014,3,4,3838,4052,5578,03003_0014_00,03003_0014_01,3,,,1,30030014,0,1,224013103
30030015,3003,Two of are Heroes☆,3,300004,30030015,3,4,4075,5591,3880,03003_0015_00,03003_0015_01,3,,,1,30030015,0,1,224031603
30040011,3004,Searching for a Special Love,3,300004,30040011,3,4,3804,5222,4130,03004_0011_00,03004_0011_01,3,,,1,30040011,1000,1,223102402
30050012,3005,Fun with the Two of Us,2,200004,30050012,3,4,3991,3965,5200,03005_0012_00,03005_0012_01,3,,,1,30050012,1000,1,223103102
40030012,4003,After Party,1,100019,40030012,3,4,5433,4023,3778,04003_0012_00,04003_0012_01,3,,,1,40030012,0,1,223103109
40060011,4006,Offstage Nerves,1,100008,40060011,3,4,5428,3792,4014,04006_0011_00,04006_0011_01,3,,,1,40060011,0,1,223103109
40060012,4006,My Tastebuds Are Tingling,1,100003,40060012,2,3,4959,3402,3369,04006_0012_00,04006_0012_01,2,,,4,0,0,1,224020102
40060013,4006,Tokyo French Fries,3,300004,40060013,3,4,4036,5602,3908,04006_0013_00,04006_0013_01,3,,,1,40060013,0,1,224031603
40090011,4009,Natural Informant,1,100003,40090011,3,4,4999,4108,4127,04009_0011_00,04009_0011_01,3,,,2,40090011,0,1,223103106
40090013,4009,My Special Smoothie,2,200003,40090013,2,3,3419,3333,4978,04009_0013_00,04009_0013_01,2,,,4,0,0,1,224020102
40100001,4010,Overwhelming Musical Sense,1,100002,40100001,2,3,4732,3467,3485,04010_0001_00,04010_0001_01,2,,,1,0,0,1,223121510
40100002,4010,Duet,2,200004,40100002,3,4,3878,3965,5547,04010_0002_00,04010_0002_01,3,,,1,40100002,0,1,224012003
40100003,4010,Made with All My Heart,3,300003,40100003,2,3,3357,5016,3357,04010_0003_00,04010_0003_01,2,,,4,0,0,1,224020102
40110001,4011,Rigid Analysis,1,100002,40110001,2,3,4687,3307,3690,04011_0001_00,04011_0001_01,2,,,1,0,0,1,223121510
40110002,4011,Jellyfish,3,300004,40110002,3,4,3953,5489,3870,04011_0002_00,04011_0002_01,3,,,1,40110002,0,1,223122802
40110003,4011,Cooked Efficiently,2,200003,40110003,2,3,3442,3270,5018,04011_0003_00,04011_0003_01,2,,,4,0,0,1,224020102
30070013,3007,Band of Volunteers,3,300019,30070013,3,4,3929,5441,3864,03007_0013_00,03007_0013_01,3,,,1,30070013,0,1,223111503
30050013,3005,Food Stall Crawl,3,300007,30050013,3,4,3850,5435,3949,03005_0013_00,03005_0013_01,3,,,1,30050013,0,1,223111503
30050014,3005,I'll Manage to Manage!,1,100003,30050014,2,3,4797,3422,3442,03005_0014_00,03005_0014_01,2,b_card_0092,b_card_0092,0,0,1000,1,224011105
30040012,3004,Ace of the Butler Cafe,3,300003,30040012,3,4,3972,4949,4313,03004_0012_00,03004_0012_01,3,,,2,30040012,0,1,223111506
30040013,3004,Working in Style,1,100003,30040013,2,3,4787,3458,3416,03004_0013_00,03004_0013_01,2,b_card_0092,b_card_0092,0,0,1000,1,224011105
30040014,3004,Experiments in Chocolate,2,200004,30040014,3,4,3995,3912,5561,03004_0014_00,03004_0014_01,3,,,1,30040014,0,1,224013103
10050016,1005,Delivering a Bundle of Cuteness,2,200004,10050016,3,4,3853,3939,5442,01005_0016_00,01005_0016_01,3,,,1,10050016,0,1,223110102
10050018,1005,You Can Count on Me!,3,300003,10050018,3,4,4319,5049,4022,01005_0018_00,01005_0018_01,3,,,2,10050018,0,1,224011506
30090012,3009,FULL COMBO!,1,100004,30090012,3,4,5439,3905,3890,03009_0012_00,03009_0012_01,3,,,1,30090012,0,1,223111302
40050011,4005,Strawberry Dessert Buffet,1,100004,40050011,3,4,5438,3751,4045,04005_0011_00,04005_0011_01,3,,,1,40050011,0,1,223112402
40050012,4005,Here You Are,2,200003,40050012,2,3,3239,3489,5002,04005_0012_00,04005_0012_01,2,,,4,0,0,1,224020102
40050013,4005,Filled with My Gratitude,3,300019,40050013,3,4,3954,5607,3985,04005_0013_00,04005_0013_01,3,,,1,40050013,0,1,224030103
30060011,3006,"You, Forever, Always",2,200004,30060011,3,4,4048,3903,5205,03006_0011_00,03006_0011_01,3,,,1,30060011,1000,1,223110702
30060012,3006,Some Work Before Snoozing,3,300003,30060012,2,3,3405,4746,3510,03006_0012_00,03006_0012_01,2,b_card_0092,b_card_0092,0,0,1000,1,224011105
30060013,3006,Irresistable Kotatsu,1,100004,30060013,3,4,5486,3992,3834,03006_0013_00,03006_0013_01,3,,,1,30060013,0,1,223121602
30070014,3007,Let This Love Reach Everyone,1,100004,30070014,3,4,5201,3892,4063,03007_0014_00,03007_0014_01,3,,,1,30070014,1000,1,223111402
30080011,3008,My Memories of You,1,100004,30080011,3,4,5242,3847,4067,03008_0011_00,03008_0011_01,3,,,1,30080011,1000,1,223112102
30080012,3008,Do I Look Cool?,2,200003,30080012,2,3,3563,3352,4746,03008_0012_00,03008_0012_01,2,b_card_0092,b_card_0092,0,0,1000,1,224011105
30080014,3008,Always Room for More Bread,2,200004,30080014,3,4,3770,4122,5576,03008_0014_00,03008_0014_01,3,,,1,30080014,0,1,224020503
30090013,3009,To My Special You,2,200004,30090013,3,4,4000,3949,5207,03009_0013_00,03009_0013_01,3,,,1,30090013,1000,1,223112802
30090014,3009,A Different Feel,3,300003,30090014,2,3,3414,4742,3505,03009_0014_00,03009_0014_01,2,b_card_0092,b_card_0092,0,0,1000,1,224011105
10040018,1004,Giving Ai to You,1,100003,10040018,2,3,4684,3595,3359,01004_0018_00,01004_0018_01,2,,,0,0,1000,1,223103001
20050016,2005,It's Going to be Fun!,2,200003,20050016,2,3,3671,3289,4678,02005_0016_00,02005_0016_01,2,,,0,0,1000,1,223103001
20050017,2005,Osechi and Special Stewshine,1,100019,20050017,3,4,5527,4126,3737,02005_0017_00,02005_0017_01,3,,,1,20050017,0,1,223123103
20050019,2005,Re-photographed at a Memorable Place,2,200004,20050019,3,4,4045,3882,5619,02005_0019_00,02005_0019_01,3,,,1,20050019,0,1,224031603
30070015,3007,Here We Go!,2,200003,30070015,2,3,3517,3375,4746,03007_0015_00,03007_0015_01,2,,,0,0,1000,1,223103001
30070016,3007,Let's Stay Sharp,3,300003,30070016,2,3,3556,4792,3313,03007_0016_00,03007_0016_01,2,b_card_0092,b_card_0092,0,0,1000,1,224011105
40030013,4003,"Ready, Set, Okay ♪",3,300003,40030013,2,3,3531,4678,3429,04003_0013_00,04003_0013_01,2,,,0,0,1000,1,223103001
40030014,4003,A Day of Circling for Circles,3,300004,40030014,3,4,4020,5587,3861,04003_0014_00,04003_0014_01,3,,,1,40030014,0,1,224022503
40030015,4003,Take a Bite,2,200003,40030015,2,3,3448,3279,5003,04003_0015_00,04003_0015_01,2,,,4,0,0,1,224020102
10010019,1001,Spring in Full Bloom!,1,100003,10010019,2,3,4781,3540,3340,01001_0019_00,01001_0019_01,2,b_card_0088,b_card_0088,1,0,1000,1,223110103
20010017,2001,Scorching Summer Beach,2,200003,20010017,2,3,3516,3420,4725,02001_0017_00,02001_0017_01,2,b_card_0089,b_card_0089,1,0,1000,1,223110103
30010013,3001,Long Autumn Nights,3,300003,30010013,2,3,3661,4732,3268,03001_0013_00,03001_0013_01,2,b_card_0090,b_card_0090,1,0,1000,1,223110103
40010013,4001,Shimmering Winter Skies,1,100003,40010013,2,3,4667,3454,3540,04001_0013_00,04001_0013_01,2,b_card_0091,b_card_0091,1,0,1000,1,223110103
40010014,4001,Posing Together,2,200019,40010014,3,4,4018,3812,5482,04001_0014_00,04001_0014_01,3,,,1,40010014,0,1,223121506
30010014,3001,I'm Ready to Go!,1,100003,30010014,2,3,4781,3504,3376,03001_0014_00,03001_0014_01,2,b_card_0092,b_card_0092,0,0,1000,1,223110108
10040019,1004,A Very µ's Christmas,2,200019,10040019,3,4,4109,3725,5478,01004_0019_00,01004_0019_01,3,,,1,10040019,0,1,223113010
10040020,1004,Smile Spilling Out on the Porch,3,300004,10040020,3,4,3967,5594,3985,01004_0020_00,01004_0020_01,3,,,1,10040020,0,1,224031503
10090018,1009,Preparing the Feast,2,200005,10090018,3,4,3756,4082,5474,01009_0018_00,01009_0018_01,3,,,1,10090018,0,1,223113010
10010020,1001,Winter Stars Above the Trees,2,200003,10010020,3,4,4220,4016,5076,01001_0020_00,01001_0020_01,3,,,2,10010020,0,1,223113006
30110013,3011,My Favorite Athlete is in Japan!,3,300004,30110013,3,4,4033,5484,3795,03011_0013_00,03011_0013_01,3,,,1,30110013,0,1,223120602
30100013,3010,My Mark,2,200004,30100013,3,4,3840,4110,5206,03010_0013_00,03010_0013_01,3,,,1,30100013,1000,1,223120502
30110014,3011,Racing Heart,1,100004,30110014,3,4,5227,4162,3767,03011_0014_00,03011_0014_01,3,,,1,30110014,1000,1,223121202
60010001,6001,Fortune Teller Girl,2,200003,60010001,2,3,3545,3296,4843,06001_0001_00,06001_0001_01,2,b_card_0093,b_card_0102,1,60010001,0,1,223121403
60020001,6002,Food Stall Peddler,1,100003,60020001,2,3,4992,3395,3297,06002_0001_00,06002_0001_01,2,b_card_0094,b_card_0103,1,60020001,0,1,223121403
60030001,6003,Executive Director General,3,300003,60030001,2,3,3463,4974,3247,06003_0001_00,06003_0001_01,2,b_card_0095,b_card_0104,1,60030001,0,1,223121403
60040001,6004,Descendant of the Fairy Tribe,2,200003,60040001,2,3,3335,3714,4635,06004_0001_00,06004_0001_01,2,b_card_0096,b_card_0105,1,60040001,0,1,223121403
60050001,6005,Ryokan Poster Girl,1,100003,60050001,2,3,4631,3453,3600,06005_0001_00,06005_0001_01,2,b_card_0097,b_card_0106,1,60050001,0,1,223121403
60060001,6006,Messenger,3,300003,60060001,2,3,3527,4762,3395,06006_0001_00,06006_0001_01,2,b_card_0098,b_card_0107,1,60060001,0,1,223121403
60070001,6007,Mechanic,2,200003,60070001,2,3,3466,3455,4763,06007_0001_00,06007_0001_01,2,b_card_0099,b_card_0108,1,60070001,0,1,223121403
60080001,6008,Zoologist,1,100003,60080001,2,3,4824,3466,3394,06008_0001_00,06008_0001_01,2,b_card_0100,b_card_0109,1,60080001,0,1,223121403
60090001,6009,Descendant of the Demon King,3,300003,60090001,2,3,3710,4628,3346,06009_0001_00,06009_0001_01,2,b_card_0101,b_card_0110,1,60090001,0,1,223121403
20010018,2001,A Lively Town!,1,100003,20010018,2,3,4602,3530,3552,02001_0018_00,02001_0018_01,2,,,0,0,0,1,223120806
20010019,2001,First Sunrise from the Sea,1,100003,20010019,3,4,5061,4288,4041,02001_0019_00,02001_0019_01,3,,,2,20010019,0,1,223123106
30010015,3001,Onto a New Stage,2,200003,30010015,2,3,3574,3432,4678,03001_0015_00,03001_0015_01,2,,,0,0,0,1,223120906
30010017,3001,Open Wide!,2,200003,30010017,3,4,4347,4019,5102,03001_0017_00,03001_0017_01,3,,,2,30010017,0,1,224013106
30010018,3001,Trying Out Flower Arranging!,1,100004,30010018,3,4,5610,4010,3926,03001_0018_00,03001_0018_01,3,,,1,30010018,0,1,224030108
30010019,3001,Won't You Stay With Me?,1,100004,30010019,3,4,5114,4065,4289,03001_0019_00,03001_0019_01,3,,,4,0,1000,1,224020903
40010015,4001,A Hunch of an Encounter,3,300003,40010015,2,3,3436,4683,3565,04001_0015_00,04001_0015_01,2,,,0,0,0,1,223121003
40010016,4001,Sorry To Keep You Waiting,1,100003,40010016,2,3,5022,3351,3357,04001_0016_00,04001_0016_01,2,,,4,0,0,1,224020102
