_id,_name,_nameRuby,_detailText,_category,_schoolGrade,_charaCategory,_masterGroupId,_spriteName,_displayOrder,_height,_bloodType,_birsday,_voiceActor,_imageColor,_imageColorDark,_nameRichtextGacha,_nameEn,_nameRubyEn,_detailTextEn,_bloodTypeEn,_birsdayEn,_voiceActorEn,_nameRichtextGachaEn,_masterReleaseLabelId
1001,高坂穂乃果,こうさかほのか,μ'sの発起人。いつも笑顔でとにかく元気が取り柄。多少の困難があっても持ち前の超ポジティブシンキングで次々と突破していく。,1,2,1,101,1001,1001,157cm,O型,8月3日,新田恵海,FF9210,FF9210,<size=100>高<size=80>坂 <size=100>穂<size=80>乃果,Honoka Kosaka,Honoka Kosaka,The founder of μ's. Honoka is always smiling and full of energy. She powers through any difficulty with her trademark super-positive thinking.,O,Aug 3,Emi Nitta,<size=100>H<size=80>onoka<size=100>K<size=80>osaka,1
1002,絢瀬絵里,あやせえり,ロシア人のクォーター。頭脳明晰、運動神経抜群、何をやらせてもそつなくこなす。学校でも人気抜群で、責任感が強く、生徒会長を務めている。,1,3,1,103,1002,1002,162cm,B型,10月21日,南條愛乃,47C3FB,47C3FB,<size=100>絢<size=80>瀬 <size=100>絵<size=80>里,Eli Ayase,Eli Ayase,"Eli is one-quarter Russian. She's sharp, athletic, and handles whatever she's given with ease. Popular and responsible, she serves as student council president.",B,Oct 21,Yoshino Nanjo,<size=100>E<size=80>li<size=100>A<size=80>yase,1
1003,南 ことり,みなみことり,おっとりと柔らかい性格で、勉強もそつなくこなす優等生。おっとりとはしているが芯は強く、物おじしない。穂乃果の一番の友人。,1,2,1,101,1003,1003,159cm,O型,9月12日,内田 彩,BAB3B3,BAB3B3,<size=100>南<size=80> <size=100>こ<size=80>とり,Kotori Minami,Kotori Minami,"Kotori is a gentle, soft-spoken honor student who excels at everything she does. Calm yet strong-willed, she's never shy about speaking her mind. She's Honoka's closest friend.",O,Sep 12,Aya Uchida,<size=100>K<size=80>otori<size=100>M<size=80>inami,1
1004,園田海未,そのだうみ,凛とした雰囲気を漂わせる大和なでしこ。子供の頃から弓道で鍛えられ、礼儀作法も完璧な女の子。悪事や怠けるといったことが大嫌い。穂乃果、ことりとは幼馴染。,1,2,1,102,1004,1004,159cm,A型,3月15日,三森すずこ,226BF1,226BF1,<size=100>園<size=80>田 <size=100>海<size=80>未,Umi Sonoda,Umi Sonoda,"An elegant young woman who embodies traditional Japanese beauty. Trained in kyudo (archery) since childhood, she has perfect manners and despises wrongdoing and laziness. Umi, Honoka, and Kotori are childhood friends.",A,Mar 15,Suzuko Mimori,<size=100>U<size=80>mi<size=100>S<size=80>onoda,1
1005,星空 凛,ほしぞらりん,体育会系でいつも明るく、くよくよ悩むより身体を動かすタイプ。体育会系だけあって面倒見はよく、いつも幼馴染の花陽の面倒を見ている。,1,1,1,102,1005,1005,155cm,A型,11月1日,飯田里穂,FCD500,CEAE00,<size=100>星<size=80>空 <size=100>凛<size=80>,Rin Hoshizora,Rin Hoshizora,"Rin is a bright, athletic girl who'd rather move than mope. True to her sporty nature, she's caring and always looks after her childhood friend Hanayo.",A,Nov 1,Riho Iida,<size=100>R<size=80>in<size=100>H<size=80>oshizora,1
1006,西木野真姫,にしきのまき,高飛車でプライドが高く、本心を見せるのが苦手。持ち前の度胸で上級生にも強気で渡り合う。実はさみしがりな一面も。,1,1,1,103,1006,1006,161cm,AB型,4月19日,Pile,F14747,F14747,<size=100>西<size=80>木野 <size=100>真<size=80>姫,Maki Nishikino,Maki Nishikino,"Maki is proud, assertive, and bad at showing her true feelings. Her natural nerve lets her stand up to her seniors—but underneath it all, she's surprisingly lonely.",AB,Apr 19,Pile,<size=100>M<size=80>aki<size=100>N<size=80>ishikino,1
1007,東條 希,とうじょうのぞみ,マイペースな性格で、関西弁まじりの独特の口調で話す。おおらかさがあり全メンバー中、実は精神年齢は一番上と思わせる所も。,1,3,1,102,1007,1007,159cm,O型,6月9日,楠田亜衣奈,C355E8,C355E8,<size=100>東<size=80>條 <size=100>希<size=80>,Nozomi Tojo,Nozomi Tojo,"A free spirit with a unique speech style flecked with Kansai dialect. Nozomi is easygoing and, despite her age, often comes across as the most mature member of μ's.",O,Jun 9,Aina Kusuda,<size=100>N<size=80>ozomi<size=100>T<size=80>ojo,1
1008,小泉花陽,こいずみはなよ,クラスでもあまり目立たない、おとなしい女の子。自信がなく、何をやろうとしても諦めてしまいがち。白いご飯が大好物。,1,1,1,101,1008,1008,156cm,B型,1月17日,久保ユリカ,44CF72,44CF72,<size=100>小<size=80>泉 <size=100>花<size=80>陽,Hanayo Koizumi,Hanayo Koizumi,Hanayo is a shy girl who doesn't stand out much in class. She lacks confidence and tends to give up easily. Her favorite food is plain white rice.,B,Jan 17,Yurika Kubo,<size=100>H<size=80>anayo<size=100>K<size=80>oizumi,1
1009,矢澤にこ,やざわにこ,アイドルを目指して日夜励んでいる、正真正銘のアイドルオタク。「にっこにっこにー」が合言葉。,1,3,1,103,1009,1009,154cm,A型,7月22日,徳井青空,FF548F,FF548F,<size=100>矢<size=80>澤 <size=100>に<size=80>こ,Nico Yazawa,Nico Yazawa,"Nico is a true-blue idol otaku striving day and night to become an idol herself. Her catchphrase is ""Nico-Nico-Nii!""",A,Jul 22,Sora Tokui,<size=100>N<size=80>ico<size=100>Y<size=80>azawa,1
2001,高海千歌,たかみちか,Aqoursの発起人。人懐っこく負けず嫌い。持ち前の明るさと強引さで周囲を次々に巻き込んでいく。,2,2,1,201,2001,2001,157cm,B型,8月1日,伊波杏樹,FF700F,FF700F,<size=100>高<size=80>海 <size=100>千<size=80>歌,Chika Takami,Chika Takami,"The founder of Aqours. Chika is friendly and fiercely competitive, and her trademark cheer and pushiness keep sweeping everyone around her into the fun.",B,Aug 1,Anju Inami,<size=100>C<size=80>hika<size=100>T<size=80>akami,1
2002,桜内梨子,さくらうちりこ,大人っぽく落ち着いて見えるが実は慌て者で早とちりや勘違いをしてしまうことも。,2,2,1,203,2002,2002,160cm,A型,9月19日,逢田梨香子,FB697E,FB697E,<size=100>桜<size=80>内 <size=100>梨<size=80>子,Riko Sakurauchi,Riko Sakurauchi,"At first glance Riko seems mature and composed, but she's actually quite the worrier who jumps to conclusions and gets the wrong idea.",A,Sep 19,Rikako Aida,<size=100>R<size=80>iko<size=100>S<size=80>akurauchi,1
2003,松浦果南,まつうらかなん,大人っぽくサバサバした性格で、あまり物事にこだわりがない。落ち着いていて、どこかクールな雰囲気を纏っている。,2,3,1,202,2003,2003,162cm,O型,2月10日,諏訪ななか,02D09D,02D09D,<size=100>松<size=80>浦 <size=100>果<size=80>南,Kanan Matsuura,Kanan Matsuura,"Kanan is mature and laid-back, not one to fuss over things. She's calm and carries herself with a cool air.",O,Feb 10,Nanaka Suwa,<size=100>K<size=80>anan<size=100>M<size=80>atsuura,1
2004,黒澤ダイヤ,くろさわだいや,旧網元で地元でも有名な名家の子女で、学院の生徒会長を務める。プライドが高い完璧主義者で、中途半端や曲がったことは絶対に許さない。,2,3,1,202,2004,2004,162cm,A型,1月1日,小宮有紗,E0083B,E0083B,<size=100>黒<size=80>澤 <size=100>ダ<size=80>イヤ,Dia Kurosawa,Dia Kurosawa,"Dia comes from a renowned old family of former net masters and serves as the student council president. A proud perfectionist, she won't tolerate anything half-baked or dishonest.",A,Jan 1,Arisa Komiya,<size=100>D<size=80>ia<size=100>K<size=80>urosawa,1
2005,渡辺 曜,わたなべよう,考えるよりも先に身体が動くタイプ。フェリーの船長を父に持ち、自身も将来は船長になりたいと思っている。,2,2,1,201,2005,2005,157cm,AB型,4月17日,斉藤朱夏,07B0E8,07B0E8,<size=100>渡<size=80>辺 <size=100>曜<size=80>,You Watanabe,You Watanabe,"You acts before she thinks. Her father is a ferry captain, and she dreams of becoming one herself someday.",AB,Apr 17,Shuka Saito,<size=100>Y<size=80>ou<size=100>W<size=80>atanabe,1
2006,津島善子,つしまよしこ,"小悪魔風のファッションに身を包み、自らを""堕天使ヨハネ""と称する。都会の沼津出身。明るく物おじせず、気が利いて頭も良いが、ものすごく運が悪く、行く先々で想定外のトラブルに見舞われてしまう。",2,1,1,203,2006,2006,156cm,O型,7月13日,小林愛香,A9ACB2,A9ACB2,<size=100>津<size=80>島 <size=100>善<size=80>子,Yoshiko Tsushima,Yoshiko Tsushima,"Always dressed in a mischievous style, Yoshiko calls herself ""Yohane, the Fallen Angel."" She hails from the big city of Numazu. Bright, outgoing, witty, and clever—but incredibly unlucky, forever running into unexpected trouble wherever she goes.",O,Jul 13,Aika Kobayashi,<size=100>Y<size=80>oshiko<size=100>T<size=80>sushima,1
2007,国木田花丸,くにきだはなまる,読書好きで、特に日本文学をこよなく愛する文学少女。歌が得意で聖歌隊に所属している。周囲の人々に気を配る優しい性格。,2,1,1,202,2007,2007,152cm,O型,3月4日,高槻かなこ,FFC000,FFC000,<size=100>国<size=80>木田 <size=100>花<size=80>丸,Hanamaru Kunikida,Hanamaru Kunikida,"A bookworm with a special love for Japanese literature. Hanamaru is a gifted singer and member of the choir, and a kind girl who looks out for everyone around her.",O,Mar 4,Kanako Takatsuki,<size=100>H<size=80>anamaru<size=100>K<size=80>unikida,1
2008,小原鞠莉,おはらまり,ホテルチェーンを経営するイタリア系アメリカ人の父を持つハーフ。明るい性格で、個人行動が多い。どんなことがあっても絶対にめげない性格で、恐れを知らないチャレンジャー。,2,3,1,203,2008,2008,163cm,AB型,6月13日,鈴木愛奈,A132D9,A132D9,<size=100>小<size=80>原 <size=100>鞠<size=80>莉,Mari Ohara,Mari Ohara,"Mari is an upbeat, independent half-Italian American with a fearless spirit—she never backs down from a challenge! Her father runs a hotel chain.",AB,Jun 13,Aina Suzuki,<size=100>M<size=80>ari<size=100>O<size=80>hara,1
2009,黒澤ルビィ,くろさわるびぃ,泣き虫で臆病だけれど、名家のお嬢様だけあって芯は持っている。ずっとアイドルにあこがれていた。唯一の得意は裁縫。,2,1,1,201,2009,2009,154cm,A型,9月21日,降幡 愛,F143B4,F143B4,<size=100>黒<size=80>澤 <size=100>ル<size=80>ビィ,Ruby Kurosawa,Ruby Kurosawa,"Though shy and quick to cry, Ruby comes from a distinguished family and has a hidden core of strength. She's always dreamed of being an idol. Her one talent is sewing.",A,Sep 21,Ai Furihata,<size=100>R<size=80>uby<size=100>K<size=80>urosawa,1
3001,上原歩夢,うえはらあゆむ,何事にもコツコツ取り組む努力家。あることをきっかけにスクールアイドルをはじめる。,3,2,1,302,3001,3001,159cm,A型,3月1日,大西亜玖璃,F48099,F48099,<size=100>上<size=80>原 <size=100>歩<size=80>夢,Ayumu Uehara,Ayumu Uehara,Ayumu is a diligent hard worker who tackles everything step by step. A certain incident inspired her to become a school idol.,A,Mar 1,Aguri Onishi,<size=100>A<size=80>yumu<size=100>U<size=80>ehara,1
3002,中須かすみ,なかすかすみ,かわいいものが大好きで、スクールアイドルに対する憧れは人一倍強い。負けず嫌いな性格で、「かすかす」というあだ名で呼ばれると怒る。,3,1,1,303,3002,3002,155cm,B型,1月23日,相良茉優,EDDC00,D5C500,<size=100>中<size=80>須 <size=100>か<size=80>すみ,Kasumi Nakasu,Kasumi Nakasu,"A lover of all things cute, Kasumi has a passion for school idols like no other. Fiercely competitive, she gets upset if anyone calls her ""Kasukasu.""",B,Jan 23,Mayu Sagara,<size=100>K<size=80>asumi<size=100>N<size=80>akasu,1
3003,桜坂しずく,おうさかしずく,しっかり者の優等生で、演劇部とスクールアイドル同好会を兼部している。,3,1,1,302,3003,3003,157cm,A型,4月3日,前田佳織里,2CAED5,2CAED5,<size=90>桜<size=80>坂 <size=90>し<size=80>ずく,Shizuku Osaka,Shizuku Osaka,Shizuku is a dependable honor student who juggles both the Drama Club and the School Idol Club.,A,Apr 3,Kaori Maeda,<size=90>S<size=80>hizuku<size=90>O<size=80>saka,1
3004,朝香果林,あさかかりん,高校生離れしたルックスとプロポーションを持ち、読者モデルをしている。大人っぽい見た目とは裏腹に意外とピュアな一面も。,3,3,1,301,3004,3004,167cm,AB型,6月29日,久保田未夢,4A62D2,4A62D2,<size=100>朝<size=80>香 <size=100>果<size=80>林,Karin Asaka,Karin Asaka,"With looks and a figure well beyond her years, Karin works as a magazine model. Despite her grown-up appearance, she has a surprisingly innocent side.",AB,Jun 29,Miyu Kubota,<size=100>K<size=80>arin<size=100>A<size=80>saka,1
3005,宮下 愛,みやしたあい,運動神経が抜群で、様々な部の助っ人として活躍している。ノリの良い性格で面倒見がいいので友達が多い。,3,2,1,301,3005,3005,163cm,A型,5月30日,村上奈津実,F6663E,F6663E,<size=100>宮<size=80>下 <size=100>愛<size=80>,Ai Miyashita,Ai Miyashita,"Ai is a natural athlete who pitches in as a ringer for all kinds of clubs. Her easygoing, caring nature means she has loads of friends.",A,May 30,Natsumi Murakami,<size=100>A<size=80>i<size=100>M<size=80>iyashita,1
3006,近江彼方,このえかなた,いつも眠そうにしているが、料理をすることと妹をかわいがることに関しては情熱を燃やす。,3,3,1,303,3006,3006,158cm,O型,12月16日,鬼頭明里,A96398,A96398,<size=100>近<size=80>江 <size=100>彼<size=80>方,Kanata Konoe,Kanata Konoe,"Kanata always looks sleepy, but she's truly passionate about two things: cooking and doting on her little sister.",O,Dec 16,Akari Kito,<size=100>K<size=80>anata<size=100>K<size=80>onoe,1
3007,優木せつ菜,ゆうきせつな,元気いっぱいの笑顔と力強いパフォーマンスが持ち味のスクールアイドル。スクールアイドル活動で忙しいためか、「校内でその姿を見た人はいない」という噂がある。,3,2,1,302,3007,3007,154cm,O型,8月8日,林 鼓子,DC2235,DC2235,<size=100>優<size=80>木 <size=100>せ<size=80>つ菜,Setsuna Yuki,Setsuna Yuki,A school idol known for her beaming smile and powerful performances. Rumor has it she's so busy with idol activities that no one has ever spotted her on campus.,O,Aug 8,Coco Hayashi,<size=100>S<size=80>etsuna<size=100>Y<size=80>uki,1
3008,エマ・ヴェルデ,エマ・ヴェルデ,スクールアイドルに憧れて、スイスからやってきた留学生。おっとりマイペースで、故郷の山や自然を愛する心優しい女の子。,3,3,1,303,3008,3008,166cm,O型,2月5日,指出毬亜,7EC36E,7EC36E,<size=100>エ<size=80>マ・<size=100>ヴ<size=80>ェルデ,Emma Verde,Emma Verde,"Emma is an exchange student from Switzerland with a passion for school idols. A gentle, laid-back girl who loves the mountains and nature of her homeland.",O,Feb 5,Maria Sashide,<size=100>E<size=80>mma<size=100>V<size=80>erde,1
3009,天王寺璃奈,てんのうじりな,感情を顔に出すことが苦手なため不愛想に思われがちだが、本当は心豊かな女の子で人懐っこい。,3,1,1,303,3009,3009,149cm,B型,11月13日,田中ちえ美,A0A3BC,A0A3BC,<size=100>天<size=80>王寺 <size=100>璃<size=80>奈,Rina Tennoji,Rina Tennoji,"Rina struggles to show emotion on her face, so she can seem standoffish—but she's really a warm-hearted, friendly girl.",B,Nov 13,Chiemi Tanaka,<size=100>R<size=80>ina<size=100>T<size=80>ennoji,1
3010,三船栞子,みふねしおりこ,真面目な性格で「みんなのために」行動できる。ランジュとは幼馴染。,3,1,1,304,3010,3010,160cm,AB型,10月5日,小泉萌香,37C4A1,37C4A1,<size=100>三<size=80>船 <size=100>栞<size=80>子,Shioriko Mifune,Shioriko Mifune,"Serious and earnest, Shioriko always acts ""for everyone's sake."" She and Lanzhu have been friends since childhood.",AB,Oct 5,Moeka Koizumi,<size=100>S<size=80>hioriko<size=100>M<size=80>ifune,1
3011,ミア・テイラー,ミア・テイラー,NYCからやってきた留学生。世界的に有名な音楽一家テイラー家の娘で、14歳でありながら、飛び級で3年生に編入してきた。,3,3,1,304,3011,3011,156cm,AB型,12月6日,内田 秀,D7D6C9,B3B098,<size=100>ミ<size=80>ア・<size=100>テ<size=80>イラー,Mia Taylor,Mia Taylor,"Mia is an exchange student from NYC. The daughter of the world-famous Taylor music family, she skipped grades to enroll as a third-year despite being just 14.",AB,Dec 6,Shu Uchida,<size=100>M<size=80>ia<size=100>T<size=80>aylor,1
3012,鐘 嵐珠,ショウ・ランジュ,香港からやってきた留学生。かなりのお嬢様で、やることすべてパーフェクトな結果を出す。好きな食べ物は肉。,3,2,1,304,3012,3012,165cm,B型,2月15日,法元明菜,F7CBC7,E2B0AC,<size=100>鐘<size=80> <size=100>嵐<size=80>珠,Lanzhu Zhong,Lanzhu Zhong,"An exchange student from Hong Kong, Lanzhu is quite the young lady and delivers perfect results in everything she does. Her favorite food is meat.",B,Feb 15,Akina Homoto,<size=100>L<size=80>anzhu<size=100>Z<size=80>hong,1
4001,澁谷かのん,しぶやかのん,シャイだが、純粋に歌を愛する心と、人の気持ちになって考えることが出来る優しさを持ち、Liella!を引っ張っていく存在。,4,2,1,403,4001,4001,159cm,A型,5月1日,伊達さゆり,F57924,F57924,<size=100>澁<size=80>谷 <size=100>か<size=80>のん,Kanon Shibuya,Kanon Shibuya,"Though shy, Kanon truly loves singing from the bottom of her heart and has the empathy to understand others' feelings—often the one driving Liella! forward.",A,May 1,Sayuri Date,<size=100>K<size=80>anon<size=100>S<size=80>hibuya,1
4002,唐 可可,たんくぅくぅ,上海から結ヶ丘女子高等学校に入学した女の子。よく笑いよく泣く情熱的な女の子で、好きなものには一直線。可愛いものも大好きなLiella!の太陽のような存在。,4,2,1,404,4002,4002,159cm,O型,7月17日,Liyuu,85EDEC,29E2E0,<size=100>唐<size=80> <size=100>可<size=80>可,Keke Tang,Kuku-tan!,"A girl who moved from Shanghai to attend Yuigaoka Girls' High School. Keke laughs and cries easily, throws herself into whatever she loves, and adores cute things—the sunshine of Liella!",O,Jul 17,Liyuu,<size=100>K<size=80>eke<size=100>T<size=80>ang,1
4003,嵐 千砂都,あらしちさと,かのんの幼なじみで大親友。努力家で献身的な性格は誰からも好かれており、ダンス担当として、Liella!のレベルアップに貢献していく。丸いものが大好き。,4,2,1,405,4003,4003,155cm,B型,2月25日,岬 なこ,FF6E97,FF6E97,<size=100>嵐<size=80> <size=100>千<size=80>砂都,Chisato Arashi,Chisato Arashi,"Kanon's childhood friend and best friend. Her hardworking, devoted nature makes her beloved by all. As Liella!'s choreographer, she helps level up their dancing. Chisato loves all things round.",B,Feb 25,Nako Misaki,<size=100>C<size=80>hisato<size=100>A<size=80>rashi,1
4004,平安名すみれ,へあんなすみれ,高飛車で勝ち気な所もあるが、根は人の悲しみが分かる優しい子でもある。いざという時に意外な能力を発揮するLiella!のジョーカー的存在。実家は学校近くの神社。,4,2,1,403,4004,4004,161cm,AB型,9月28日,ペイトン尚未,70ED62,60E251,<size=100>平<size=80>安名 <size=100>す<size=80>みれ,Sumire Heanna,Sumire Heanna,"Sumire can be proud and headstrong, but at heart she's a kind girl who understands others' sadness. She's Liella!'s wildcard, showing surprising talent when it counts. Her family runs a shrine near the school.",AB,Sep 28,Naomi Payton,<size=100>S<size=80>umire<size=100>H<size=80>eanna,1
4005,葉月 恋,はづきれん,結ヶ丘女子高等学校の設立者の娘であり、幼い頃からピアノやフィギュアスケートなども得意なLiella!のエース。生徒会長も務め、落ち着いた物腰は生徒からも人気だが、世間知らずな一面も。,4,2,1,404,4005,4005,163cm,A型,11月24日,青山なぎさ,2020AB,2020AB,<size=100>葉<size=80>月 <size=100>恋<size=80>,Ren Hazuki,Ren Hazuki,"Daughter of Yuigaoka Girls' High School's founder, Ren is Liella!'s ace—skilled at piano, figure skating, and more since childhood. As student council president her calm manner makes her popular, though she can be a bit naive about the world.",A,Nov 24,Nagisa Aoyama,<size=100>R<size=80>en<size=100>H<size=80>azuki,1
4006,桜小路きな子,さくらこうじきなこ,大らかで明るく人当たりも柔らかな、おっとりした、という表現がよく合う女の子。一人東京の高校に出てくると決心し、結ヶ丘女子に入学してきた。,4,1,1,405,4006,4006,159cm,O型,4月10日,鈴原希実,F6EB41,C9BF29,<size=100>桜<size=80>小路 <size=100>き<size=80>な子,Kinako Sakurakoji,Kinako Sakurakoji,"Warm, cheerful, and gentle—""easygoing"" describes her perfectly. She resolved to attend high school in Tokyo on her own and enrolled at Yuigaoka Girls' High School.",O,Apr 10,Nozomi Suzuhara,<size=100>K<size=80>inako<size=100>S<size=80>akurakoji,1
4007,米女メイ,よねめめい,斜に構えた、一見とっつきにくい不良っぽい女の子。正義感が強く、間違ったことがあると毅然とした態度で立ち向かう一面も。,4,1,1,403,4007,4007,155cm,A型,10月29日,薮島朱音,F93535,F93535,<size=100>米<size=80>女 <size=100>メ<size=80>イ,Mei Yoneme,Mei Yoneme,"Mei comes off as aloof and a bit of a delinquent, seeming hard to approach at first—but she has a strong sense of justice and stands firm against anything wrong.",A,Oct 29,Akane Yabushima,<size=100>M<size=80>ei<size=100>Y<size=80>oneme,1
4008,若菜四季,わかなしき,子供の頃から無口であまり人と接することがなく、一人遊びが大好き。性格は冷静沈着。ミステリアスな雰囲気で感情を口にすることは少ないが、メンバーへの想いは人一倍強い。,4,1,1,405,4008,4008,161cm,B型,6月17日,大熊和奏,B4F6D8,75AD88,<size=100>若<size=80>菜 <size=100>四<size=80>季,Shiki Wakana,Shiki Wakana,"Quiet since childhood and keeping mostly to herself, Shiki loves playing alone. Calm and composed, she's mysterious and rarely voices her feelings—but her devotion to her bandmates is second to none.",B,Jun 17,Wakana Ookuma,<size=100>S<size=80>hiki<size=100>W<size=80>akana,1
4009,鬼塚夏美,おにつかなつみ,明るくて前向き、流行に敏感で、行動力がありなんでも挑戦してみるタイプの女の子。目的のためには手段を選ばない所もあり、裏から手を回す作戦を考えることもしばしば。,4,1,1,405,4009,4009,152cm,AB型,8月7日,絵森 彩,FC3ABA,FC3ABA,<size=100>鬼<size=80>塚 <size=100>夏<size=80>美,Natsumi Onitsuka,Natsumi Onitsuka,"Natsumi is bright, positive, trend-savvy, and a go-getter who'll try anything. She'll stop at nothing to reach her goals and often cooks up behind-the-scenes schemes.",AB,Aug 7,Aya Emori,<size=100>N<size=80>atsumi<size=100>O<size=80>nitsuka,1
4010,ウィーン・マルガレーテ,ウィーン・マルガレーテ,オーストリアから日本に留学してきた女の子。ラブライブ！出場をきっかけに結ヶ丘女子高等学校に編入。音楽センスに優れ素晴らしい歌声を持つが、負けん気が強すぎる所があり、周りと衝突することも。,4,1,1,404,4010,4010,161cm,A型,1月20日,結那,E09FF7,E09FF7,<size=100>ウ<size=80>ィーン・ <size=100>マ<size=80>ルガレーテ,Margarete Wien,Wien Margarete,"A girl who came from Austria to study in Japan. She transferred to Yuigaoka Girls' High School after Love Live! caught her eye. Margarete has superb musical sense and a wonderful voice, but her overly competitive streak can lead to clashes with others.",A,Jan 20,Yuina,<size=100>W<size=80>ien <size=100>M<size=80>argarete,223121502
4011,鬼塚冬毬,おにつかとまり,常に効率的な行動を心がけていて、無駄なことが大嫌い。物事をシビアに分析しがちで実現が難しいものに対して冷淡な目で見てしまう所も。姉である夏美のことが大好き。,4,1,1,405,4011,4011,163cm,B型,12月28日,坂倉 花,4CD2E2,4CD2E2,<size=100>鬼<size=80>塚 <size=100>冬<size=80>毬,Tomari Onitsuka,Tomari Onitsuka,"Tomari always aims to act efficiently and can't stand wasted effort. She tends to analyze things harshly and views hard-to-achieve goals with a cold eye. She adores her older sister, Natsumi.",B,Dec 28,Sakura Sakakura,<size=100>T<size=80>omari <size=100>O<size=80>nitsuka,223121502
6001,ヨハネ,ヨハネ,ヌマヅで占い屋を営む少女。こだわり屋で少々クセのある気質だが根は優しく、頼まれごとは断れない。,6,0,1,9901,6001,6001,156cm,－,7月13日,小林愛香,A9ACB2,A9ACB2,<size=100>ヨ<size=80>ハネ,Yohane,Yohane,"A girl who runs a fortune-telling shop in Numazu. She's particular and a little quirky, but kind at heart and unable to turn down a request.",－,Jul 13,Aika Kobayashi,<size=100>Y<size=80>ohane,223121403
6002,ハナマル,ハナマル,ヨハネの幼馴染。美味しいものが大好きで、屋台で手作りのお菓子などを売って暮らしている。,6,0,1,9901,6002,6002,152cm,－,3月4日,高槻かなこ,FFC000,FFC000,<size=100>ハ<size=80>ナマル,Hanamaru,Hanamaru,Yohane's childhood friend. She loves good food and makes a living selling handmade treats from a stall.,－,Mar 4,Kanako Takatsuki,<size=100>H<size=80>anamaru,223121403
6003,ダイヤ,ダイヤ,ヌマヅ行政局の執務長官。才色兼備で曲がったことは許さない完璧主義者。,6,0,1,9901,6003,6003,162cm,－,1月1日,小宮有紗,E0083B,E0083B,<size=100>ダ<size=80>イヤ,Dia,Dia,"The chief administrator of the Numazu Administrative Bureau. A brilliant, beautiful perfectionist with zero tolerance for wrongdoing.",－,Jan 1,Arisa Komiya,<size=100>D<size=80>ia,223121403
6004,ルビィ,ルビィ,妖精族の末裔。引っ込み思案な性格で、普段は人に見つからないように暮らしている。,6,0,1,9901,6004,6004,みかん5個分,－,9月21日,降幡 愛,F143B4,F143B4,<size=100>ル<size=80>ビィ,Ruby,Ruby,"A descendant of the fairy folk. Shy by nature, she usually lives out of sight.",－,Sep 21,Ai Furihata,<size=100>R<size=80>ubi,223121403
6005,チカ,チカ,ウチーラ地区にある老舗旅館の看板娘で３人姉妹の末っ子。人見知りせず、負けず嫌い。,6,0,1,9901,6005,6005,157cm,－,8月1日,伊波杏樹,FF700F,FF700F,<size=100>チ<size=80>カ,Chika,Chika,The poster girl of a long-established inn in the Uchira district and youngest of three sisters. Outgoing and fiercely competitive.,－,Aug 1,Anju Inami,<size=100>C<size=80>hika,223121403
6006,ヨウ,ヨウ,ヌマヅでメッセンジャーとして働く少女。いつも明るく元気印で、運動神経抜群。,6,0,1,9901,6006,6006,157cm,－,4月17日,斉藤朱夏,07B0E8,07B0E8,<size=100>ヨ<size=80>ウ,You,You,"A girl who works as a messenger in Numazu. Always bright and energetic, with amazing athletic ability.",－,Apr 17,Shuka Saito,<size=100>Y<size=80>ou,223121403
6007,カナン,カナン,ウチーラ地区にある工房を営むメカニック。海から拾ったガラクタを使って、修理や工作をして暮らしている。,6,0,1,9901,6007,6007,162cm,－,2月10日,諏訪ななか,02D09D,02D09D,<size=100>カ<size=80>ナン,Kanan,Kanon,A mechanic who runs a workshop in the Uchira district. She gets by repairing and crafting things from junk salvaged from the sea.,－,Feb 10,Nanaka Suwa,<size=100>K<size=80>anan,223121403
6008,リコ,リコ,ヌマヅの外からやってきた動物学者。落ち着いた性格だが、探究心旺盛でなりふり構わないことも。,6,0,1,9901,6008,6008,160cm,－,9月19日,逢田梨香子,FB697E,FB697E,<size=100>リ<size=80>コ,Riko,Riko,"A zoologist who came from outside Numazu. Calm by nature, but so driven by curiosity that she'll throw caution to the wind.",－,Sep 19,Rikako Aida,<size=100>R<size=80>iko,223121403
6009,マリ,マリ,ワーシマー島にある城に住む魔王家系の末裔。あまり人前には姿を現さない。,6,0,1,9901,6009,6009,163cm,－,6月13日,鈴木愛奈,A132D9,A132D9,<size=100>マ<size=80>リ,Mari,Mari,A descendant of the Demon Lord's line who lives in a castle on Wassimer Island. She rarely shows herself in public.,－,Jun 13,Aina Suzuki,<size=100>M<size=80>ari,223121403
5001,μ's,μ's,School Idol Festival(2013)のキャラクター。,OTHER,0,1,9000,5001,5001,,,？月？日,,888888,888888,μ's,μ's,μ's,Imported from School Idol Festival (2013).,,？月？日,,μ's,1
5002,宮下ココ,ココ,School Idol Festival(2013)のキャラクター。,OTHER,0,1,9000,5002,5002,,,6月2日,,888888,888888,宮下ココ,Coco Miyashita,Coco Miyashita,Imported from School Idol Festival (2013).,,Jun 2,,Coco Miyashita,1
5003,逢沢遊宇,遊宇,School Idol Festival(2013)のキャラクター。,OTHER,0,1,9000,5003,5003,,,7月7日,,888888,888888,逢沢遊宇,Yuu Aizawa,Yuu Aizawa,Imported from School Idol Festival (2013).,,Jul 7,,Yuu Aizawa,1
5004,一之瀬マリカ,マリカ,School Idol Festival(2013)のキャラクター。,OTHER,0,1,9000,5004,5004,,,4月20日,,888888,888888,一之瀬マリカ,Marika Ichinose,Marika Ichinose,Imported from School Idol Festival (2013).,,Apr 20,,Marika Ichinose,1
5005,結城紗菜,紗菜,School Idol Festival(2013)のキャラクター。,OTHER,0,1,9000,5005,5005,,,8月20日,,888888,888888,結城紗菜,Sana Yuki,Sana Yuki,Imported from School Idol Festival (2013).,,Aug 20,,Sana Yuki,1
5006,西村文絵,文絵,School Idol Festival(2013)のキャラクター。,OTHER,0,1,9000,5006,5006,,,9月20日,,888888,888888,西村文絵,Fumie Nishimura,Fumie Nishimura,Imported from School Idol Festival (2013).,,Sep 20,,Fumie Nishimura,1
5007,永山みなみ,みなみ,School Idol Festival(2013)のキャラクター。,OTHER,0,1,9000,5007,5007,,,8月30日,,888888,888888,永山みなみ,Minami Nagayama,Minami Nagayama,Imported from School Idol Festival (2013).,,Aug 30,,Minami Nagayama,1
5008,クリスティーナ,クリスティーナ,School Idol Festival(2013)のキャラクター。,OTHER,0,1,9000,5008,5008,,,1月21日,,888888,888888,クリスティーナ,Christina,Christina,Imported from School Idol Festival (2013).,,Jan 21,,Christina,1
5009,菊池朱美,朱美,School Idol Festival(2013)のキャラクター。,OTHER,0,1,9000,5009,5009,,,10月30日,,888888,888888,菊池朱美,Akemi Kikuchi,Akemi Kikuchi,Imported from School Idol Festival (2013).,,Oct 30,,Akemi Kikuchi,1
5010,須田いるか,いるか,School Idol Festival(2013)のキャラクター。,OTHER,0,1,9000,5010,5010,,,2月18日,,888888,888888,須田いるか,Iruka Suda,Iruka Suda,Imported from School Idol Festival (2013).,,Feb 18,,Iruka Suda,1
5011,杉崎亜矢,亜矢,School Idol Festival(2013)のキャラクター。,OTHER,0,1,9000,5011,5011,,,9月30日,,888888,888888,杉崎亜矢,Aya Sugisaki,Aya Sugisaki,Imported from School Idol Festival (2013).,,Sep 30,,Aya Sugisaki,1
5012,御堂優理,優理,School Idol Festival(2013)のキャラクター。,OTHER,0,1,9000,5012,5012,,,12月24日,,888888,888888,御堂優理,Yuri Mido,Yuri Mido,Imported from School Idol Festival (2013).,,Dec 24,,Yuri Mido,1
5013,佐伯麗音,麗音,School Idol Festival(2013)のキャラクター。,OTHER,0,1,9000,5013,5013,,,6月16日,,888888,888888,佐伯麗音,Reine Saeki,Reine Saeki,Imported from School Idol Festival (2013).,,Jun 16,,Reine Saeki,1
5014,鳥居歩美,歩美,School Idol Festival(2013)のキャラクター。,OTHER,0,1,9000,5014,5014,,,3月8日,,888888,888888,鳥居歩美,Ayumi Torii,Ayumi Torii,Imported from School Idol Festival (2013).,,Mar 8,,Ayumi Torii,1
5015,神谷理華,理華,School Idol Festival(2013)のキャラクター。,OTHER,0,1,9000,5015,5015,,,1月7日,,888888,888888,神谷理華,Rika Kamiya,Rika Kamiya,Imported from School Idol Festival (2013).,,Jan 7,,Rika Kamiya,1
5016,森嶋ななか,ななか,School Idol Festival(2013)のキャラクター。,OTHER,0,1,9000,5016,5016,,,3月7日,,888888,888888,森嶋ななか,Nanaka Morishima,Nanaka Morishima,Imported from School Idol Festival (2013).,,Mar 7,,Nanaka Morishima,1
5017,九条聖来,聖来,School Idol Festival(2013)のキャラクター。,OTHER,0,1,9000,5017,5017,,,11月15日,,888888,888888,九条聖来,Seira Kujo,Seira Kujo,Imported from School Idol Festival (2013).,,Nov 15,,Seira Kujo,1
5018,近江遥,遥,School Idol Festival(2013)のキャラクター。,OTHER,0,1,9000,5018,5018,,,11月11日,,888888,888888,近江遥,Haruka Konoe,Haruka Konoe,Imported from School Idol Festival (2013).,,Nov 11,,Haruka Konoe,1
5019,下園咲,咲,School Idol Festival(2013)のキャラクター。,OTHER,0,1,9000,5019,5019,,,5月5日,,888888,888888,下園咲,Saki Shimozono,Saki Shimozono,Imported from School Idol Festival (2013).,,May 5,,Saki Shimozono,1
5020,田中さち子,さち子,School Idol Festival(2013)のキャラクター。,OTHER,0,1,9000,5020,5020,,,9月3日,,888888,888888,田中さち子,Sachiko Tanaka,Sachiko Tanaka,Imported from School Idol Festival (2013).,,Sep 3,,Sachiko Tanaka,1
5021,支倉かさね,かさね,School Idol Festival(2013)のキャラクター。,OTHER,0,1,9000,5021,5021,,,12月12日,,888888,888888,支倉かさね,Kasane Hasekura,Kasane Hasekura,Imported from School Idol Festival (2013).,,Dec 12,,Kasane Hasekura,1
5022,多々良るう,るう,School Idol Festival(2013)のキャラクター。,OTHER,0,1,9000,5022,5022,,,3月25日,,888888,888888,多々良るう,Ru Tatara,Ru Tatara,Imported from School Idol Festival (2013).,,Mar 25,,Ru Tatara,1
5023,篠宮あきる,あきる,School Idol Festival(2013)のキャラクター。,OTHER,0,1,9000,5023,5023,,,7月20日,,888888,888888,篠宮あきる,Akiru Shinomiya,Akiru Shinomiya,Imported from School Idol Festival (2013).,,Jul 20,,Akiru Shinomiya,1
5024,吉川瑞希,瑞希,School Idol Festival(2013)のキャラクター。,OTHER,0,1,9000,5024,5024,,,10月20日,,888888,888888,吉川瑞希,Mizuki Kikkawa,Mizuki Kikkawa,Imported from School Idol Festival (2013).,,Oct 20,,Mizuki Kikkawa,1
5025,白木凪,凪,School Idol Festival(2013)のキャラクター。,OTHER,0,1,9000,5025,5025,,,2月9日,,888888,888888,白木凪,Nagi Shiraki,Nagi Shiraki,Imported from School Idol Festival (2013).,,Feb 9,,Nagi Shiraki,1
5026,藤城悠弓,悠弓,School Idol Festival(2013)のキャラクター。,OTHER,0,1,9000,5026,5026,,,5月15日,,888888,888888,藤城悠弓,Yumi Fujishiro,Yumi Fujishiro,Imported from School Idol Festival (2013).,,May 15,,Yumi Fujishiro,1
5027,深山聡子,聡子,School Idol Festival(2013)のキャラクター。,OTHER,0,1,9000,5027,5027,,,6月8日,,888888,888888,深山聡子,Satoko Miyama,Satoko Miyama,Imported from School Idol Festival (2013).,,Jun 8,,Satoko Miyama,1
5028,山内奈々子,奈々子,School Idol Festival(2013)のキャラクター。,OTHER,0,1,9000,5028,5028,,,12月8日,,888888,888888,山内奈々子,Nanako Yamauchi,Nanako Yamauchi,Imported from School Idol Festival (2013).,,Dec 8,,Nanako Yamauchi,1
5029,笹原京子,京子,School Idol Festival(2013)のキャラクター。,OTHER,0,1,9000,5029,5029,,,9月8日,,888888,888888,笹原京子,Kyoko Sasahara,Kyoko Sasahara,Imported from School Idol Festival (2013).,,Sep 8,,Kyoko Sasahara,1
5030,黒崎隼,隼,School Idol Festival(2013)のキャラクター。,OTHER,0,1,9000,5030,5030,,,6月15日,,888888,888888,黒崎隼,Shun Kurosaki,Shun Kurosaki,Imported from School Idol Festival (2013).,,Jun 15,,Shun Kurosaki,1
5031,設楽ふみ,ふみ,School Idol Festival(2013)のキャラクター。,OTHER,0,1,9000,5031,5031,,,3月20日,,888888,888888,設楽ふみ,Fumi Shitara,Fumi Shitara,Imported from School Idol Festival (2013).,,Mar 20,,Fumi Shitara,1
5032,門田剣,剣,School Idol Festival(2013)のキャラクター。,OTHER,0,1,9000,5032,5032,,,7月10日,,888888,888888,門田剣,Tsurugi Kadota,Tsurugi Kadota,Imported from School Idol Festival (2013).,,Jul 10,,Tsurugi Kadota,1
5033,アルパカ[白],アルパカ[白],School Idol Festival(2013)のキャラクター。,OTHER,0,1,9000,5033,5033,,,？月？日,,888888,888888,アルパカ[白],Alpaca [White],Alpaca [White],Imported from School Idol Festival (2013).,,？月？日,,Alpaca [White],1
5034,桐原優香,優香,School Idol Festival(2013)のキャラクター。,OTHER,0,1,9000,5034,5034,,,4月2日,,888888,888888,桐原優香,Yuuka Kirihara,Yuuka Kirihara,Imported from School Idol Festival (2013).,,Apr 2,,Yuuka Kirihara,1
5035,斉木風,風,School Idol Festival(2013)のキャラクター。,OTHER,0,1,9000,5035,5035,,,8月12日,,888888,888888,斉木風,Fuu Saiki,Fuu Saiki,Imported from School Idol Festival (2013).,,Aug 12,,Fuu Saiki,1
5036,福原命,命,School Idol Festival(2013)のキャラクター。,OTHER,0,1,9000,5036,5036,,,11月5日,,888888,888888,福原命,Mikoto Fukuhara,Mikoto Fukuhara,Imported from School Idol Festival (2013).,,Nov 5,,Mikoto Fukuhara,1
5037,坂巻千鶴子,千鶴子,School Idol Festival(2013)のキャラクター。,OTHER,0,1,9000,5037,5037,,,7月14日,,888888,888888,坂巻千鶴子,Chiduko Sakamaki,Chiduko Sakamaki,Imported from School Idol Festival (2013).,,Jul 14,,Chiduko Sakamaki,1
5038,志賀仁美,仁美,School Idol Festival(2013)のキャラクター。,OTHER,0,1,9000,5038,5038,,,6月6日,,888888,888888,志賀仁美,Hitomi Shiga,Hitomi Shiga,Imported from School Idol Festival (2013).,,Jun 6,,Hitomi Shiga,1
5039,鬼崎アキラ,アキラ,School Idol Festival(2013)のキャラクター。,OTHER,0,1,9000,5039,5039,,,8月10日,,888888,888888,鬼崎アキラ,Akira Kizaki,Akira Kizaki,Imported from School Idol Festival (2013).,,Aug 10,,Akira Kizaki,1
5040,紫藤美咲,美咲,School Idol Festival(2013)のキャラクター。,OTHER,0,1,9000,5040,5040,,,4月7日,,888888,888888,紫藤美咲,Misaki Shido,Misaki Shido,Imported from School Idol Festival (2013).,,Apr 7,,Misaki Shido,1
5041,月島結架,結架,School Idol Festival(2013)のキャラクター。,OTHER,0,1,9000,5041,5041,,,7月21日,,888888,888888,月島結架,Yuka Tsukishima,Yuka Tsukishima,Imported from School Idol Festival (2013).,,Jul 21,,Yuka Tsukishima,1
5042,兵藤さゆり,さゆり,School Idol Festival(2013)のキャラクター。,OTHER,0,1,9000,5042,5042,,,4月22日,,888888,888888,兵藤さゆり,Sayuri Hyodo,Sayuri Hyodo,Imported from School Idol Festival (2013).,,Apr 22,,Sayuri Hyodo,1
5043,蘭花,蘭花,School Idol Festival(2013)のキャラクター。,OTHER,0,1,9000,5043,5043,,,2月8日,,888888,888888,蘭花,Ranpha,Ranpha,Imported from School Idol Festival (2013).,,Feb 8,,Ranpha,1
5044,ラクシャータ,ラクシャータ,School Idol Festival(2013)のキャラクター。,OTHER,0,1,9000,5044,5044,,,6月18日,,888888,888888,ラクシャータ,Rakshata,Rakshata,Imported from School Idol Festival (2013).,,Jun 18,,Rakshata,1
5045,レベッカ,レベッカ,School Idol Festival(2013)のキャラクター。,OTHER,0,1,9000,5045,5045,,,11月14日,,888888,888888,レベッカ,Rebecca,Rebecca,Imported from School Idol Festival (2013).,,Nov 14,,Rebecca,1
5046,綾小路姫乃,姫乃,School Idol Festival(2013)のキャラクター。,OTHER,0,1,9000,5046,5046,,,4月17日,,888888,888888,綾小路姫乃,Himeno Ayanokoji,Himeno Ayanokoji,Imported from School Idol Festival (2013).,,Apr 17,,Himeno Ayanokoji,1
5047,黒羽咲良,咲良,School Idol Festival(2013)のキャラクター。,OTHER,0,1,9000,5047,5047,,,4月4日,,888888,888888,黒羽咲良,Sakura Kurobane,Sakura Kurobane,Imported from School Idol Festival (2013).,,Apr 4,,Sakura Kurobane,1
5048,黒羽咲夜,咲夜,School Idol Festival(2013)のキャラクター。,OTHER,0,1,9000,5048,5048,,,9月9日,,888888,888888,黒羽咲夜,Sakuya Kurobane,Sakuya Kurobane,Imported from School Idol Festival (2013).,,Sep 9,,Sakuya Kurobane,1
5049,白瀬小雪,小雪,School Idol Festival(2013)のキャラクター。,OTHER,0,1,9000,5049,5049,,,2月23日,,888888,888888,白瀬小雪,Koyuki Shirase,Koyuki Shirase,Imported from School Idol Festival (2013).,,Feb 23,,Koyuki Shirase,1
5050,相川涼,涼,School Idol Festival(2013)のキャラクター。,OTHER,0,1,9000,5050,5050,,,5月6日,,888888,888888,相川涼,Ryo Aikawa,Ryo Aikawa,Imported from School Idol Festival (2013).,,May 6,,Ryo Aikawa,1
5051,イザベラ,イザベラ,School Idol Festival(2013)のキャラクター。,OTHER,0,1,9000,5051,5051,,,11月16日,,888888,888888,イザベラ,Isabella,Isabella,Imported from School Idol Festival (2013).,,Nov 16,,Isabella,1
5052,高天原睦月,睦月,School Idol Festival(2013)のキャラクター。,OTHER,0,1,9000,5052,5052,,,1月25日,,888888,888888,高天原睦月,Mutsuki Takamagahara,Mutsuki Takamagahara,Imported from School Idol Festival (2013).,,Jan 25,,Mutsuki Takamagahara,1
5053,ジェニファー,ジェニファー,School Idol Festival(2013)のキャラクター。,OTHER,0,1,9000,5053,5053,,,5月12日,,888888,888888,ジェニファー,Jennifer,Jennifer,Imported from School Idol Festival (2013).,,May 12,,Jennifer,1
5054,マリア,マリア,School Idol Festival(2013)のキャラクター。,OTHER,0,1,9000,5054,5054,,,8月6日,,888888,888888,マリア,Maria,Maria,Imported from School Idol Festival (2013).,,Aug 6,,Maria,1
5055,レオ,レオ,School Idol Festival(2013)のキャラクター。,OTHER,0,1,9000,5055,5055,,,8月16日,,888888,888888,レオ,Leo,Leo,Imported from School Idol Festival (2013).,,Aug 16,,Leo,1
5056,早乙女紫,紫,School Idol Festival(2013)のキャラクター。,OTHER,0,1,9000,5056,5056,,,3月3日,,888888,888888,早乙女紫,Yukari Saotome,Yukari Saotome,Imported from School Idol Festival (2013).,,Mar 3,,Yukari Saotome,1
5057,矢澤ここあ,ここあ,School Idol Festival(2013)のキャラクター。,OTHER,0,1,9000,5057,5057,,,？月？日,,888888,888888,矢澤ここあ,Cocoa Yazawa,Cocoa Yazawa,Imported from School Idol Festival (2013).,,？月？日,,Cocoa Yazawa,1
5058,矢澤虎太郎,虎太郎,School Idol Festival(2013)のキャラクター。,OTHER,0,1,9000,5058,5058,,,？月？日,,888888,888888,矢澤虎太郎,Cotaro Yazawa,Cotaro Yazawa,Imported from School Idol Festival (2013).,,？月？日,,Cotaro Yazawa,1
5059,矢澤こころ,こころ,School Idol Festival(2013)のキャラクター。,OTHER,0,1,9000,5059,5059,,,？月？日,,888888,888888,矢澤こころ,Cocoro Yazawa,Cocoro Yazawa,Imported from School Idol Festival (2013).,,？月？日,,Cocoro Yazawa,1
5060,ミカ,ミカ,School Idol Festival(2013)のキャラクター。,OTHER,0,1,9000,5060,5060,,,？月？日,,888888,888888,ミカ,Mika,Mika,Imported from School Idol Festival (2013).,,？月？日,,Mika,1
5061,フミコ,フミコ,School Idol Festival(2013)のキャラクター。,OTHER,0,1,9000,5061,5061,,,？月？日,,888888,888888,フミコ,Fumiko,Fumiko,Imported from School Idol Festival (2013).,,？月？日,,Fumiko,1
5062,ヒデコ,ヒデコ,School Idol Festival(2013)のキャラクター。,OTHER,0,1,9000,5062,5062,,,？月？日,,888888,888888,ヒデコ,Hideko,Hideko,Imported from School Idol Festival (2013).,,？月？日,,Hideko,1
5063,山田博子,博子,School Idol Festival(2013)のキャラクター。,OTHER,0,1,9000,5063,5063,,,？月？日,,888888,888888,山田博子,Hiroko Yamada,Hiroko Yamada,Imported from School Idol Festival (2013).,,？月？日,,Hiroko Yamada,1
5064,にこの母,にこの母,School Idol Festival(2013)のキャラクター。,OTHER,0,1,9000,5064,5064,,,？月？日,,888888,888888,にこの母,Nico's mother,Nico's mother,Imported from School Idol Festival (2013).,,？月？日,,Nico's mother,1
5065,ことりの母,ことりの母,School Idol Festival(2013)のキャラクター。,OTHER,0,1,9000,5065,5065,,,？月？日,,888888,888888,ことりの母,Kotori's mother,Kotori's mother,Imported from School Idol Festival (2013).,,？月？日,,Kotori's mother,1
5066,真姫の母,真姫の母,School Idol Festival(2013)のキャラクター。,OTHER,0,1,9000,5066,5066,,,？月？日,,888888,888888,真姫の母,Maki's mother,Maki's mother,Imported from School Idol Festival (2013).,,？月？日,,Maki's mother,1
5067,穂乃果の母,穂乃果の母,School Idol Festival(2013)のキャラクター。,OTHER,0,1,9000,5067,5067,,,？月？日,,888888,888888,穂乃果の母,Honoka's mother,Honoka's mother,Imported from School Idol Festival (2013).,,？月？日,,Honoka's mother,1
5068,綺羅ツバサ,ツバサ,School Idol Festival(2013)のキャラクター。,OTHER,0,1,9000,5068,5068,,,？月？日,,888888,888888,綺羅ツバサ,Tsubasa Kira,Tsubasa Kira,Imported from School Idol Festival (2013).,,？月？日,,Tsubasa Kira,1
5069,優木あんじゅ,あんじゅ,School Idol Festival(2013)のキャラクター。,OTHER,0,1,9000,5069,5069,,,？月？日,,888888,888888,優木あんじゅ,Anju Yuki,Anju Yuki,Imported from School Idol Festival (2013).,,？月？日,,Anju Yuki,1
5070,統堂英玲奈,英玲奈,School Idol Festival(2013)のキャラクター。,OTHER,0,1,9000,5070,5070,,,？月？日,,888888,888888,統堂英玲奈,Erena Todo,Erena Todo,Imported from School Idol Festival (2013).,,？月？日,,Erena Todo,1
5071,アルパカ[茶],アルパカ[茶],School Idol Festival(2013)のキャラクター。,OTHER,0,1,9000,5071,5071,,,？月？日,,888888,888888,アルパカ[茶],Alpaca [Brown],Alpaca [Brown],Imported from School Idol Festival (2013).,,？月？日,,Alpaca [Brown],1
5072,μ's,μ's,School Idol Festival(2013)のキャラクター。,OTHER,0,1,9000,5072,5072,,,？月？日,,888888,888888,μ's,μ's,μ's,Imported from School Idol Festival (2013).,,？月？日,,μ's,1
5073,アルパカの子ども,アルパカの子ども,School Idol Festival(2013)のキャラクター。,OTHER,0,1,9000,5073,5073,,,？月？日,,888888,888888,アルパカの子ども,Alpaca's Child,Alpaca's Child,Imported from School Idol Festival (2013).,,？月？日,,Alpaca's Child,1
5074,絢瀬亜里沙,亜里沙,School Idol Festival(2013)のキャラクター。,OTHER,0,1,9000,5074,5074,,,？月？日,,888888,888888,絢瀬亜里沙,Alisa Ayase,Alisa Ayase,Imported from School Idol Festival (2013).,,？月？日,,Alisa Ayase,1
5075,Aqours,Aqours,School Idol Festival(2013)のキャラクター。,OTHER,0,1,9000,5075,5075,,,？月？日,,888888,888888,Aqours,Aqours,Aqours,Imported from School Idol Festival (2013).,,？月？日,,Aqours,1
5076,しいたけ,しいたけ,School Idol Festival(2013)のキャラクター。,OTHER,0,1,9000,5076,5076,,,？月？日,,888888,888888,しいたけ,Shiitake,Shiitake,Imported from School Idol Festival (2013).,,？月？日,,Shiitake,1
5077,鹿角理亞,理亞,School Idol Festival(2013)のキャラクター。,OTHER,0,1,9000,5077,5077,,,12月12日,,888888,888888,鹿角理亞,Leah Kazuno,Leah Kazuno,Imported from School Idol Festival (2013).,,Dec 12,,Leah Kazuno,1
5078,鹿角聖良,聖良,School Idol Festival(2013)のキャラクター。,OTHER,0,1,9000,5078,5078,,,5月4日,,888888,888888,鹿角聖良,Sarah Kazuno,Sarah Kazuno,Imported from School Idol Festival (2013).,,May 4,,Sarah Kazuno,1
5079,うちっちー,うちっちー,School Idol Festival(2013)のキャラクター。,OTHER,0,1,9000,5079,5079,,,？月？日,,888888,888888,うちっちー,Uchicchi,Uchicchi,Imported from School Idol Festival (2013).,,？月？日,,Uchicchi,1
5080,千歌の母,千歌の母,School Idol Festival(2013)のキャラクター。,OTHER,0,1,9000,5080,5080,,,？月？日,,888888,888888,千歌の母,Chika's mother,Chika's mother,Imported from School Idol Festival (2013).,,？月？日,,Chika's mother,1
5081,佐藤洋子,洋子,School Idol Festival(2013)のキャラクター。,OTHER,0,1,9000,5081,5081,,,？月？日,,888888,888888,佐藤洋子,Yoko Sato,Yoko Sato,Imported from School Idol Festival (2013).,,？月？日,,Yoko Sato,1
5082,わたあめ,わたあめ,School Idol Festival(2013)のキャラクター。,OTHER,0,1,9000,5082,5082,,,？月？日,,888888,888888,わたあめ,Wataame,Wataame,Imported from School Idol Festival (2013).,,？月？日,,Wataame,1
5083,よしみ,よしみ,School Idol Festival(2013)のキャラクター。,OTHER,0,1,9000,5083,5083,,,？月？日,,888888,888888,よしみ,Yoshimi,Yoshimi,Imported from School Idol Festival (2013).,,？月？日,,Yoshimi,1
5084,いつき,いつき,School Idol Festival(2013)のキャラクター。,OTHER,0,1,9000,5084,5084,,,？月？日,,888888,888888,いつき,Itsuki,Itsuki,Imported from School Idol Festival (2013).,,？月？日,,Itsuki,1
5085,むつ,むつ,School Idol Festival(2013)のキャラクター。,OTHER,0,1,9000,5085,5085,,,？月？日,,888888,888888,むつ,Mutsu,Mutsu,Imported from School Idol Festival (2013).,,？月？日,,Mutsu,1
5086,高海美渡,美渡,School Idol Festival(2013)のキャラクター。,OTHER,0,1,9000,5086,5086,,,？月？日,,888888,888888,高海美渡,Mito Takami,Mito Takami,Imported from School Idol Festival (2013).,,？月？日,,Mito Takami,1
5087,高海志満,志満,School Idol Festival(2013)のキャラクター。,OTHER,0,1,9000,5087,5087,,,？月？日,,888888,888888,高海志満,Shima Takami,Shima Takami,Imported from School Idol Festival (2013).,,？月？日,,Shima Takami,1
5088,梨子の母,梨子の母,School Idol Festival(2013)のキャラクター。,OTHER,0,1,9000,5088,5088,,,？月？日,,888888,888888,梨子の母,Riko's mother,Riko's mother,Imported from School Idol Festival (2013).,,？月？日,,Riko's mother,1
5089,Aqours,Aqours,School Idol Festival(2013)のキャラクター。,OTHER,0,1,9000,5089,5089,,,？月？日,,888888,888888,Aqours,Aqours,Aqours,Imported from School Idol Festival (2013).,,？月？日,,Aqours,1
5090,しいたけの子ども,しいたけの子ども,School Idol Festival(2013)のキャラクター。,OTHER,0,1,9000,5090,5090,,,？月？日,,888888,888888,しいたけの子ども,Shiitake's Children,Shiitake's Children,Imported from School Idol Festival (2013).,,？月？日,,Shiitake's Children,1
5091,あんこ,あんこ,School Idol Festival(2013)のキャラクター。,OTHER,0,1,9000,5091,5091,,,？月？日,,888888,888888,あんこ,Anko,Anko,Imported from School Idol Festival (2013).,,？月？日,,Anko,1
5092,ブロッサム,ブロッサム,School Idol Festival(2013)のキャラクター。,OTHER,0,1,9000,5092,5092,,,？月？日,,888888,888888,ブロッサム,Blossom,Blossom,Imported from School Idol Festival (2013).,,？月？日,,Blossom,1
5093,バブルス,バブルス,School Idol Festival(2013)のキャラクター。,OTHER,0,1,9000,5093,5093,,,？月？日,,888888,888888,バブルス,Bubbles,Bubbles,Imported from School Idol Festival (2013).,,？月？日,,Bubbles,1
5094,バターカップ,バターカップ,School Idol Festival(2013)のキャラクター。,OTHER,0,1,9000,5094,5094,,,？月？日,,888888,888888,バターカップ,Buttercup,Buttercup,Imported from School Idol Festival (2013).,,？月？日,,Buttercup,1
5095,渡辺月,月,School Idol Festival(2013)のキャラクター。,OTHER,0,1,9000,5095,5095,,,？月？日,,888888,888888,渡辺月,Tsuki Watanabe,Tsuki Watanabe,Imported from School Idol Festival (2013).,,？月？日,,Tsuki Watanabe,1
5096,しんのすけ,しんのすけ,School Idol Festival(2013)のキャラクター。,OTHER,0,1,9000,5096,5096,,,？月？日,,888888,888888,しんのすけ,Shinnosuke,Shinnosuke,Imported from School Idol Festival (2013).,,？月？日,,Shinnosuke,1
5097,ひまわり,ひまわり,School Idol Festival(2013)のキャラクター。,OTHER,0,1,9000,5097,5097,,,？月？日,,888888,888888,ひまわり,Himawari,Himawari,Imported from School Idol Festival (2013).,,？月？日,,Himawari,1
5098,シロ,シロ,School Idol Festival(2013)のキャラクター。,OTHER,0,1,9000,5098,5098,,,？月？日,,888888,888888,シロ,Shiro,Shiro,Imported from School Idol Festival (2013).,,？月？日,,Shiro,1
5099,しんちゃん,しんちゃん,School Idol Festival(2013)のキャラクター。,OTHER,0,1,9000,5099,5099,,,？月？日,,888888,888888,しんちゃん,Shinchan,Shinchan,Imported from School Idol Festival (2013).,,？月？日,,Shinchan,1
5100,ボーちゃん,ボーちゃん,School Idol Festival(2013)のキャラクター。,OTHER,0,1,9000,5100,5100,,,？月？日,,888888,888888,ボーちゃん,Bo-chan,Bo-chan,Imported from School Idol Festival (2013).,,？月？日,,Bo-chan,1
5101,風間くん,風間くん,School Idol Festival(2013)のキャラクター。,OTHER,0,1,9000,5101,5101,,,？月？日,,888888,888888,風間くん,Kazama-kun,Kazama-kun,Imported from School Idol Festival (2013).,,？月？日,,Kazama-kun,1
5102,ネネちゃん,ネネちゃん,School Idol Festival(2013)のキャラクター。,OTHER,0,1,9000,5102,5102,,,？月？日,,888888,888888,ネネちゃん,Nene-chan,Nene-chan,Imported from School Idol Festival (2013).,,？月？日,,Nene-chan,1
5103,マサオくん,マサオくん,School Idol Festival(2013)のキャラクター。,OTHER,0,1,9000,5103,5103,,,？月？日,,888888,888888,マサオくん,Masao-kun,Masao-kun,Imported from School Idol Festival (2013).,,？月？日,,Masao-kun,1
5104,玲,玲,School Idol Festival(2013)のキャラクター。,OTHER,0,1,9000,5104,5104,,,？月？日,,888888,888888,玲,Lei,Lei,Imported from School Idol Festival (2013).,,？月？日,,Lei,1
5105,エリザベス,エリザベス,School Idol Festival(2013)のキャラクター。,OTHER,0,1,9000,5105,5105,,,？月？日,,888888,888888,エリザベス,Elizabeth,Elizabeth,Imported from School Idol Festival (2013).,,？月？日,,Elizabeth,1
5106,マリー,マリー,School Idol Festival(2013)のキャラクター。,OTHER,0,1,9000,5106,5106,,,？月？日,,888888,888888,マリー,Marie,Marie,Imported from School Idol Festival (2013).,,？月？日,,Marie,1
5107,マーガレット,マーガレット,School Idol Festival(2013)のキャラクター。,OTHER,0,1,9000,5107,5107,,,？月？日,,888888,888888,マーガレット,Margaret,Margaret,Imported from School Idol Festival (2013).,,？月？日,,Margaret,1
5108,ひかり,ひかり,School Idol Festival(2013)のキャラクター。,OTHER,0,1,9000,5108,5108,,,？月？日,,888888,888888,ひかり,Hikari,Hikari,Imported from School Idol Festival (2013).,,？月？日,,Hikari,1
5109,ナギ,ナギ,School Idol Festival(2013)のキャラクター。,OTHER,0,1,9000,5109,5109,,,？月？日,,888888,888888,ナギ,Nagi,Nagi,Imported from School Idol Festival (2013).,,？月？日,,Nagi,1
5110,エリザベス,エリザベス,School Idol Festival(2013)のキャラクター。,OTHER,0,1,9000,5110,5110,,,？月？日,,888888,888888,エリザベス,Elizabeth,Elizabeth,Imported from School Idol Festival (2013).,,？月？日,,Elizabeth,1
5111,マーガレット,マーガレット,School Idol Festival(2013)のキャラクター。,OTHER,0,1,9000,5111,5111,,,？月？日,,888888,888888,マーガレット,Margaret,Margaret,Imported from School Idol Festival (2013).,,？月？日,,Margaret,1
5112,ジュスティーヌ＆カロリーヌ,ジュスティーヌ＆カロリーヌ,School Idol Festival(2013)のキャラクター。,OTHER,0,1,9000,5112,5112,,,？月？日,,888888,888888,ジュスティーヌ＆カロリーヌ,Justine & Caroline,Justine & Caroline,Imported from School Idol Festival (2013).,,？月？日,,Justine & Caroline,1
5113,岳羽ゆかり,ゆかり,School Idol Festival(2013)のキャラクター。,OTHER,0,1,9000,5113,5113,,,？月？日,,888888,888888,岳羽ゆかり,Yukari Takeba,Yukari Takeba,Imported from School Idol Festival (2013).,,？月？日,,Yukari Takeba,1
5114,桐条美鶴,美鶴,School Idol Festival(2013)のキャラクター。,OTHER,0,1,9000,5114,5114,,,？月？日,,888888,888888,桐条美鶴,Mitsuru Kirijo,Mitsuru Kirijo,Imported from School Idol Festival (2013).,,？月？日,,Mitsuru Kirijo,1
5115,山岸風花,風花,School Idol Festival(2013)のキャラクター。,OTHER,0,1,9000,5115,5115,,,？月？日,,888888,888888,山岸風花,Fuuka Yamagishi,Fuuka Yamagishi,Imported from School Idol Festival (2013).,,？月？日,,Fuuka Yamagishi,1
5116,アイギス,アイギス,School Idol Festival(2013)のキャラクター。,OTHER,0,1,9000,5116,5116,,,？月？日,,888888,888888,アイギス,Aegis,Aegis,Imported from School Idol Festival (2013).,,？月？日,,Aegis,1
5117,汐見琴音,琴音,School Idol Festival(2013)のキャラクター。,OTHER,0,1,9000,5117,5117,,,？月？日,,888888,888888,汐見琴音,Kotone Shiomi,Kotone Shiomi,Imported from School Idol Festival (2013).,,？月？日,,Kotone Shiomi,1
5118,里中千枝,千枝,School Idol Festival(2013)のキャラクター。,OTHER,0,1,9000,5118,5118,,,？月？日,,888888,888888,里中千枝,Chie Satonaka,Chie Satonaka,Imported from School Idol Festival (2013).,,？月？日,,Chie Satonaka,1
5119,天城雪子,雪子,School Idol Festival(2013)のキャラクター。,OTHER,0,1,9000,5119,5119,,,？月？日,,888888,888888,天城雪子,Yukiko Amagi,Yukiko Amagi,Imported from School Idol Festival (2013).,,？月？日,,Yukiko Amagi,1
5120,久慈川りせ,りせ,School Idol Festival(2013)のキャラクター。,OTHER,0,1,9000,5120,5120,,,？月？日,,888888,888888,久慈川りせ,Rise Kujikawa,Rise Kujikawa,Imported from School Idol Festival (2013).,,？月？日,,Rise Kujikawa,1
5121,白鐘直斗,直斗,School Idol Festival(2013)のキャラクター。,OTHER,0,1,9000,5121,5121,,,？月？日,,888888,888888,白鐘直斗,Naoto Shirogane,Naoto Shirogane,Imported from School Idol Festival (2013).,,？月？日,,Naoto Shirogane,1
5122,マリー,マリー,School Idol Festival(2013)のキャラクター。,OTHER,0,1,9000,5122,5122,,,？月？日,,888888,888888,マリー,Marie,Marie,Imported from School Idol Festival (2013).,,？月？日,,Marie,1
5123,パンサー,パンサー,School Idol Festival(2013)のキャラクター。,OTHER,0,1,9000,5123,5123,,,？月？日,,888888,888888,パンサー,Panther,Panther,Imported from School Idol Festival (2013).,,？月？日,,Panther,1
5124,クイーン,クイーン,School Idol Festival(2013)のキャラクター。,OTHER,0,1,9000,5124,5124,,,？月？日,,888888,888888,クイーン,Queen,Queen,Imported from School Idol Festival (2013).,,？月？日,,Queen,1
5125,ナビ,ナビ,School Idol Festival(2013)のキャラクター。,OTHER,0,1,9000,5125,5125,,,？月？日,,888888,888888,ナビ,Oracle,Oracle,Imported from School Idol Festival (2013).,,？月？日,,Oracle,1
5126,ノワール,ノワール,School Idol Festival(2013)のキャラクター。,OTHER,0,1,9000,5126,5126,,,？月？日,,888888,888888,ノワール,Noir,Noir,Imported from School Idol Festival (2013).,,？月？日,,Noir,1
5127,ヴァイオレット,ヴァイオレット,School Idol Festival(2013)のキャラクター。,OTHER,0,1,9000,5127,5127,,,？月？日,,888888,888888,ヴァイオレット,Violet,Violet,Imported from School Idol Festival (2013).,,？月？日,,Violet,1
5128,エリザベス,エリザベス,School Idol Festival(2013)のキャラクター。,OTHER,0,1,9000,5128,5128,,,？月？日,,888888,888888,エリザベス,Elizabeth,Elizabeth,Imported from School Idol Festival (2013).,,？月？日,,Elizabeth,1
5129,カレン,カレン,School Idol Festival(2013)のキャラクター。,OTHER,0,1,9000,5129,5129,,,？月？日,,888888,888888,カレン,Kallen,Kallen,Imported from School Idol Festival (2013).,,？月？日,,Kallen,1
5130,シャーリー,シャーリー,School Idol Festival(2013)のキャラクター。,OTHER,0,1,9000,5130,5130,,,？月？日,,888888,888888,シャーリー,Shirley,Shirley,Imported from School Idol Festival (2013).,,？月？日,,Shirley,1
5131,C.C.,C.C.,School Idol Festival(2013)のキャラクター。,OTHER,0,1,9000,5131,5131,,,？月？日,,888888,888888,C.C.,C.C.,C.C.,Imported from School Idol Festival (2013).,,？月？日,,C.C.,1
5132,コーネリア,コーネリア,School Idol Festival(2013)のキャラクター。,OTHER,0,1,9000,5132,5132,,,？月？日,,888888,888888,コーネリア,Cornelia,Cornelia,Imported from School Idol Festival (2013).,,？月？日,,Cornelia,1
5133,ユーフェミア,ユーフェミア,School Idol Festival(2013)のキャラクター。,OTHER,0,1,9000,5133,5133,,,？月？日,,888888,888888,ユーフェミア,Euphemia,Euphemia,Imported from School Idol Festival (2013).,,？月？日,,Euphemia,1
5134,ナナリー,ナナリー,School Idol Festival(2013)のキャラクター。,OTHER,0,1,9000,5134,5134,,,？月？日,,888888,888888,ナナリー,Nunnally,Nunnally,Imported from School Idol Festival (2013).,,？月？日,,Nunnally,1
5135,ヴィレッタ,ヴィレッタ,School Idol Festival(2013)のキャラクター。,OTHER,0,1,9000,5135,5135,,,？月？日,,888888,888888,ヴィレッタ,Villetta,Villetta,Imported from School Idol Festival (2013).,,？月？日,,Villetta,1
5136,咲世子,咲世子,School Idol Festival(2013)のキャラクター。,OTHER,0,1,9000,5136,5136,,,？月？日,,888888,888888,咲世子,Sayoko,Sayoko,Imported from School Idol Festival (2013).,,？月？日,,Sayoko,1
5137,アーニャ,アーニャ,School Idol Festival(2013)のキャラクター。,OTHER,0,1,9000,5137,5137,,,？月？日,,888888,888888,アーニャ,Anya,Anya,Imported from School Idol Festival (2013).,,？月？日,,Anya,1
5138,川本美里,美里,School Idol Festival(2013)のキャラクター。,OTHER,0,1,9000,5138,5138,,,？月？日,,888888,888888,川本美里,Misato Kawamoto,Misato Kawamoto,Imported from School Idol Festival (2013).,,？月？日,,Misato Kawamoto,1
5139,夏川マイ,マイ,School Idol Festival(2013)のキャラクター。,OTHER,0,1,9000,5139,5139,,,？月？日,,888888,888888,夏川マイ,Mai Natsukawa,Mai Natsukawa,Imported from School Idol Festival (2013).,,？月？日,,Mai Natsukawa,1
5140,聖澤悠奈,悠奈,School Idol Festival(2013)のキャラクター。,OTHER,0,1,9000,5140,5140,,,？月？日,,888888,888888,聖澤悠奈,Yuuna Hijirisawa,Yuuna Hijirisawa,Imported from School Idol Festival (2013).,,？月？日,,Yuuna Hijirisawa,1
5141,柊摩央,摩央,School Idol Festival(2013)のキャラクター。,OTHER,0,1,9000,5141,5141,,,？月？日,,888888,888888,柊摩央,Mao Hiiragi,Mao Hiiragi,Imported from School Idol Festival (2013).,,？月？日,,Mao Hiiragi,1
5142,さや,さや,School Idol Festival(2013)のキャラクター。,OTHER,0,1,9000,5142,5142,,,？月？日,,888888,888888,さや,Saya,Saya,Imported from School Idol Festival (2013).,,？月？日,,Saya,1
5143,ナナミ,ナナミ,School Idol Festival(2013)のキャラクター。,OTHER,0,1,9000,5143,5143,,,？月？日,,888888,888888,ナナミ,Nanami,Nanami,Imported from School Idol Festival (2013).,,？月？日,,Nanami,1
5144,ヤエ,ヤエ,School Idol Festival(2013)のキャラクター。,OTHER,0,1,9000,5144,5144,,,？月？日,,888888,888888,ヤエ,Yae,Yae,Imported from School Idol Festival (2013).,,？月？日,,Yae,1
5145,ココノ,ココノ,School Idol Festival(2013)のキャラクター。,OTHER,0,1,9000,5145,5145,,,？月？日,,888888,888888,ココノ,Kokono,Kokono,Imported from School Idol Festival (2013).,,？月？日,,Kokono,1
5146,理事長,理事長,School Idol Festival(2013)のキャラクター。,OTHER,0,1,9000,5146,5146,,,？月？日,,888888,888888,理事長,Director,Director,Imported from School Idol Festival (2013).,,？月？日,,Director,1
5147,澁谷ありあ,ありあ,School Idol Festival(2013)のキャラクター。,OTHER,0,1,9000,5147,5147,,,？月？日,,888888,888888,澁谷ありあ,Aria Shibuya,Aria Shibuya,Imported from School Idol Festival (2013).,,？月？日,,Aria Shibuya,1
5148,かのんの母,かのんの母,School Idol Festival(2013)のキャラクター。,OTHER,0,1,9000,5148,5148,,,？月？日,,888888,888888,かのんの母,Kanon's mother,Kanon's mother,Imported from School Idol Festival (2013).,,？月？日,,Kanon's mother,1
5149,マンマル,マンマル,School Idol Festival(2013)のキャラクター。,OTHER,0,1,9000,5149,5149,,,？月？日,,888888,888888,マンマル,Manmaru,Manmaru,Imported from School Idol Festival (2013).,,？月？日,,Manmaru,1
5150,チビ,チビ,School Idol Festival(2013)のキャラクター。,OTHER,0,1,9000,5150,5150,,,？月？日,,888888,888888,チビ,Chibi,Chibi,Imported from School Idol Festival (2013).,,？月？日,,Chibi,1
5151,C.C.,C.C.,School Idol Festival(2013)のキャラクター。,OTHER,0,1,9000,5151,5151,,,？月？日,,888888,888888,C.C.,C.C.,C.C.,Imported from School Idol Festival (2013).,,？月？日,,C.C.,1
5152,アーニャ,アーニャ,School Idol Festival(2013)のキャラクター。,OTHER,0,1,9000,5152,5152,,,？月？日,,888888,888888,アーニャ,Anya,Anya,Imported from School Idol Festival (2013).,,？月？日,,Anya,1
5153,ヴィレッタ,ヴィレッタ,School Idol Festival(2013)のキャラクター。,OTHER,0,1,9000,5153,5153,,,？月？日,,888888,888888,ヴィレッタ,Villetta,Villetta,Imported from School Idol Festival (2013).,,？月？日,,Villetta,1
5154,カレン,カレン,School Idol Festival(2013)のキャラクター。,OTHER,0,1,9000,5154,5154,,,？月？日,,888888,888888,カレン,Kallen,Kallen,Imported from School Idol Festival (2013).,,？月？日,,Kallen,1
5155,コーネリア,コーネリア,School Idol Festival(2013)のキャラクター。,OTHER,0,1,9000,5155,5155,,,？月？日,,888888,888888,コーネリア,Cornelia,Cornelia,Imported from School Idol Festival (2013).,,？月？日,,Cornelia,1
5156,シャーリー,シャーリー,School Idol Festival(2013)のキャラクター。,OTHER,0,1,9000,5156,5156,,,？月？日,,888888,888888,シャーリー,Shirley,Shirley,Imported from School Idol Festival (2013).,,？月？日,,Shirley,1
5157,セシル,セシル,School Idol Festival(2013)のキャラクター。,OTHER,0,1,9000,5157,5157,,,？月？日,,888888,888888,セシル,Cecile,Cecile,Imported from School Idol Festival (2013).,,？月？日,,Cecile,1
5158,ナナリー,ナナリー,School Idol Festival(2013)のキャラクター。,OTHER,0,1,9000,5158,5158,,,？月？日,,888888,888888,ナナリー,Nunnally,Nunnally,Imported from School Idol Festival (2013).,,？月？日,,Nunnally,1
5159,ニーナ,ニーナ,School Idol Festival(2013)のキャラクター。,OTHER,0,1,9000,5159,5159,,,？月？日,,888888,888888,ニーナ,Nina,Nina,Imported from School Idol Festival (2013).,,？月？日,,Nina,1
5160,ノネット,ノネット,School Idol Festival(2013)のキャラクター。,OTHER,0,1,9000,5160,5160,,,？月？日,,888888,888888,ノネット,Nonette,Nonette,Imported from School Idol Festival (2013).,,？月？日,,Nonette,1
5161,マリアンヌ,マリアンヌ,School Idol Festival(2013)のキャラクター。,OTHER,0,1,9000,5161,5161,,,？月？日,,888888,888888,マリアンヌ,Marianne,Marianne,Imported from School Idol Festival (2013).,,？月？日,,Marianne,1
5162,ミレイ,ミレイ,School Idol Festival(2013)のキャラクター。,OTHER,0,1,9000,5162,5162,,,？月？日,,888888,888888,ミレイ,Milly,Milly,Imported from School Idol Festival (2013).,,？月？日,,Milly,1
5163,モニカ,モニカ,School Idol Festival(2013)のキャラクター。,OTHER,0,1,9000,5163,5163,,,？月？日,,888888,888888,モニカ,Monica,Monica,Imported from School Idol Festival (2013).,,？月？日,,Monica,1
5164,ユーフェミア,ユーフェミア,School Idol Festival(2013)のキャラクター。,OTHER,0,1,9000,5164,5164,,,？月？日,,888888,888888,ユーフェミア,Euphemia,Euphemia,Imported from School Idol Festival (2013).,,？月？日,,Euphemia,1
5165,ラクシャータ,ラクシャータ,School Idol Festival(2013)のキャラクター。,OTHER,0,1,9000,5165,5165,,,？月？日,,888888,888888,ラクシャータ,Rakshata,Rakshata,Imported from School Idol Festival (2013).,,？月？日,,Rakshata,1
5166,ローマイヤ,ローマイヤ,School Idol Festival(2013)のキャラクター。,OTHER,0,1,9000,5166,5166,,,？月？日,,888888,888888,ローマイヤ,Lohmeyer,Lohmeyer,Imported from School Idol Festival (2013).,,？月？日,,Lohmeyer,1
5167,咲世子,咲世子,School Idol Festival(2013)のキャラクター。,OTHER,0,1,9000,5167,5167,,,？月？日,,888888,888888,咲世子,Sayoko,Sayoko,Imported from School Idol Festival (2013).,,？月？日,,Sayoko,1
5168,周香凛,香凛,School Idol Festival(2013)のキャラクター。,OTHER,0,1,9000,5168,5168,,,？月？日,,888888,888888,周香凛,Zhou Xianglin,Zhou Xianglin,Imported from School Idol Festival (2013).,,？月？日,,Zhou Xianglin,1
5169,神楽那,神楽那,School Idol Festival(2013)のキャラクター。,OTHER,0,1,9000,5169,5169,,,？月？日,,888888,888888,神楽那,Kaguya,Kaguya,Imported from School Idol Festival (2013).,,？月？日,,Kaguya,1
5170,千葉凪沙,凪沙,School Idol Festival(2013)のキャラクター。,OTHER,0,1,9000,5170,5170,,,？月？日,,888888,888888,千葉凪沙,Nagisa Chiba,Nagisa Chiba,Imported from School Idol Festival (2013).,,？月？日,,Nagisa Chiba,1
5171,天子,天子,School Idol Festival(2013)のキャラクター。,OTHER,0,1,9000,5171,5171,,,？月？日,,888888,888888,天子,Emperor,Emperor,Imported from School Idol Festival (2013).,,？月？日,,Emperor,1
5172,シャムナ,シャムナ,School Idol Festival(2013)のキャラクター。,OTHER,0,1,9000,5172,5172,,,？月？日,,888888,888888,シャムナ,Shamuna,Shamuna,Imported from School Idol Festival (2013).,,？月？日,,Shamuna,1
